3House Kindergarten (Tampines),103.9310667,1.3491298
ACES Montessori Kidz Kindergarten,103.959529,1.368309
Agape Montessori House Kindergarten,103.832175,1.378401
Al - Amin Pre-School,103.9599199,1.3543579
Al - Amin Preschool (Pasir Ris),103.9599199,1.3543579
Al - Ansar Mosque Kindergarten,103.9262925,1.3270595
Al - Iman Mosque Kindergarten,103.772594,1.378212
Al - Istighfar Mosque Kindergarten,103.9641103,1.3709706
Al - Istiqamah Mosque Kindergarten,103.8755018,1.3691965
Al - Khair Mosque Kindergarten,103.7502014,1.3826357
Al - Mukminin Mosque Kindergarten,103.8461674,1.3704201
Al - Muttaqin Mosque Kindergarten,103.8461674,1.3704201
Al-Nasry @ Jurong West Kindergarten,103.6995117,1.3471749
Al-Nasry @ Sengkang South,103.890162,1.3788221
An - Nur Mosque Kindergarten,103.7719589,1.4407673
Ang Mo Kio Methodist Church Kindergarten,103.835464,1.367176
Ar - Raudhah Mosque Kindergarten,103.7560434,1.3516374
Arise Kindergarten,103.7756776,1.3446027
Artskidz Preschool,103.8332949,1.2733532
Assyakirin Mosque Kindergarten,103.7196359,1.3355809
Banyan Tree Education @ AMK PTE. LTD.,103.8762079,1.3776177
Barker Road Methodist Church Kindergarten,103.834694,1.318914
Bedok Lutheran Church Kindergarten,103.9379989,1.3210671
Bedok Methodist Church Kindergarten,103.953797,1.323675
Bethany Kindergarten,103.8822159,1.3444229
Bethel Kinderlites,103.886822,1.321746
Bethesda (Ang Mo Kio) Kindergarten,103.8373567,1.3747585
Bethesda (Bedok-Tampines) Kindergarten,103.934759,1.331242
Bethesda (Bukit Arang) Kindergarten,103.8673945,1.3493972
Bethesda (Depot Walk) Kindergarten,103.8143836,1.2817819
Bethesda (Katong) Kindergarten,103.918279,1.3166814
Bethesda (Pasir Ris) Kindergarten,103.964391,1.367897
Bethesda Chapel Kindergarten,103.910024,1.32067
Bibinogs Preschool K.A.,103.810749,1.323162
Blue House International School,103.796592,1.3361232
Brain Buttons Kindergarten,103.8640925,1.3890398
Brainy Bunch International Montessori,103.8915416,1.3591279
Brainy Bunch International Montessori (Pasir Ris),103.8915416,1.3591279
British Council (Singapore) Pre-school,103.9412324,1.3564891
Bukit Panjang Methodist Church Kindergarten,103.7676213,1.3611611
Buttercups Kindergarten (Pasir Panjang),103.771164,1.291586
Buttercups Kindergarten (Rochester),103.7882743,1.3052631
Buttercups Montessori Kindergarten,103.7882743,1.3052631
Callidus Preschool,103.846095,1.357572
Calvary Baptist Kindergarten,103.8741399,1.332346
Calvary Pandan Kindergarten,103.7460233,1.3211696
Canaan Church (SCCC) Kindergarten,103.8635088,1.323918
Canossian Convent Kindergarten,103.7649879,1.3453359
Catholic Kindergarten,103.88173,1.359969
Cavenur Kindergarten,103.93311,1.3601893
Cedan Kindergarten,103.90634,1.39946
Centre of New Life Kindergarten,103.6989628,1.3494146
CGM Kindergarten,103.746695,1.3772206
Changi Baptist Church Kindergarten,103.9752474,1.3660104
Chatsworth Preschool,103.871298,1.40283
Chatsworth Preschool (Bedok),103.9475834,1.331816
Chen Li Kindergarten,103.880336,1.309935
Chengzhu Mandarin Kindergarten,103.787966,1.3058751
Cherrybrook Kindergarten,103.806691,1.3180683
Children's Vineyard Kindergarten,103.9047852,1.3122311
Chinese Kindergarten,103.835925,1.285749
Choa Chu Kang Bible Centre Kindergarten,103.743903,1.394727
Church Of Holy Trinity Kindergarten,103.9492958,1.3488435
Clementi Woods Kindergarten LLP,103.765838,1.30275
Creative Thinkers Kindergarten,103.77214,1.341193
Creative Twinkles Preschool,103.9625394,1.3546941
CS Montessori Kindergarten @ Serangoon,103.8726445,1.3508236
CS Montessori Kindergarten @ Tiong Bahru,103.8273373,1.2882708
Damien Centre Kindergarten,103.7988288,1.2951013
Darul Ghufran Mosque Kindergarten,103.9399432,1.355336
Darul Makmur Mosque Kindergarten,103.8343486,1.4368622
Darussalam Mosque Kindergarten,103.7710395,1.3124391
Dayspring Kindergarten,103.8990612,1.4160656
Dayspring Kindergarten @ Marina Country Club,103.8990612,1.4160656
Divinity Kindergarten,103.8945509,1.3264789
Dreamkids Kindergarten @ East Gate Pte Ltd,103.903353,1.3043786
Dynamic World Montessori Preschool,103.9092786,1.3081382
Early Years Montessori,103.766639,1.32574
Edelweiss Kindergarten Sembawang Presbyterian Church,103.8256564,1.4413165
Elim Kindergarten,103.8642651,1.3238941
Elite Learning Kindergarten Pte Ltd,103.697408,1.34439
En-Naeem Mosque Kindergarten,103.89261,1.361
Eshkol Valley @ Gospel Light,103.9136275,1.3915118
Etonhouse International Research Preschool,103.8866797,1.3005794
Evangel Kindergarten,103.791808,1.439408
Evelyn's Schoolhouse,103.7011971,1.3459677
Faith Kindergarten,103.7975265,1.3026209
Far Eastern Kindergarten,103.8382504,1.3154532
First Step Montessori House,103.8277637,1.4262233
Foochow Methodist Church Kindergarten,103.8515421,1.309086
Galilee Kindergarten,103.7460996,1.3217506
Glory Kindergarten,103.7755411,1.3383118
Good Shepherd Convent Kindergarten,103.932694,1.311256
Grace House @ Tanglin,103.8163171,1.2943039
Grace House Kindergarten,103.747426,1.364678
Gracefields Kindergarten,103.758625,1.379654
GUG The Kindergarten,103.8435452,1.317325
Han Junior,103.9225671,1.3237356
Hanis Montessori Kindergarten (Choa Chu Kang),103.747029,1.39068
Hanis Montessori Kindergarten (Enterprise One),103.9022755,1.3328787
Hanis Montessori Kindergarten (Kovan),103.8788087,1.354778
Hanis Montessori Kindergarten (Pasir Ris),103.936692,1.3744101
Hanis Montessori Kindergarten (Tampines),103.9589064,1.3568176
Hanis Montessori Kindergarten (Woodlands),103.7747088,1.4273037
Hasanah Mosque Kindergarten,103.738286,1.3217008
Holy Family Kindergarten,103.9070093,1.3066767
Holy Grace Kindergarten,103.939505,1.314406
Hope Community Kindergarten (Choa Chu Kang),103.7407549,1.37778
Hope Community Kindergarten (Sembawang),103.81481,1.454723
Hope Community Kindergarten (Tampines),103.9521967,1.3614177
Ichiban Nurtureland Kindergarten (Choa Chu Kang),103.745785,1.377413
Iman Kindergarten (Bt. Batok),103.75787,1.347408
Iman Kindergarten (CCK),103.74185,1.3926735
Iman Kindergarten (Tampines),103.945122,1.344925
Iman Kindergarten (Tenagaville),103.90709,1.332107
Iman Kindergarten (Yishun),103.836607,1.425726
Iroha Kindergarten,103.8803298,1.308822
Jamiyah Kindergarten,103.8448114,1.3708618
JENIUS Kindergarten,103.8828,1.36512
Jenius Kindergarten (Hougang),103.8833854,1.3775038
Jessin Kindergarten,103.8485794,1.3362986
JHS Montessori Kindergarten,103.8254332,1.292657
Josiah Montessori Kindergarten,103.9602683,1.3543525
Joyhouse Montessori Preschool,103.845961,1.357302
Jurong Calvary Kindergarten,103.7235618,1.3332755
Jurong Christian Church Kindergarten,103.722226,1.336815
Kampong Kapor Methodist Church Kindergarten,103.85394,1.3073349
Kampung Siglap Mosque Kindergarten,103.927534,1.3097494
Kay Poh Road Baptist Kindergarten,103.8293155,1.2962959
Khalsa Kindergarten,103.859118,1.313781
Kids 'n' Kids School,103.9206702,1.3108336
Kidszone Kindergarten,103.8288369,1.430859
Kidz Meadow Kindergarten,103.94352,1.38375
Kim Keat Christian Church Kindergarten,103.86601,1.32449
Kindergarten@An-Nahdhah,103.8513059,1.353539
Kinderland Kindergarten (Choa Chu Kang),103.7390668,1.377804
Kinderland Kindergarten (Serangoon),103.8740695,1.3510256
Kinderland Kindergarten (Woodlands),103.787195,1.435152
Kinderland Kindergarten (Yio Chu Kang),103.8541982,1.3909646
Kits4Kids Kindergarten,103.913194,1.3123328
Kizroo Kindergarten,103.7932663,1.3384405
Little Hands Montessori Kindergarten,103.8291204,1.3014954
Little Leader Kindergarten,103.8288369,1.430859
Little Oaks Montessori Kindergarten,103.8118615,1.319875
Little Ones Kindergarten,103.7800232,1.3139889
Little Raindrops Montessori Pre-School,103.8290509,1.3013608
Little Woods Montessori Preschool,103.8382065,1.3190227
LittleSparks Montessori Kindergarten,103.9253512,1.3369948
LittleSparks Montessori Kindergarten @ Kembangan,103.9132861,1.3251069
Living Sanctuary Kindergarten,103.8912413,1.3559229
Lumiere Montessori House,103.869774,1.346997
Magdalene's Kindergarten,103.8817003,1.32668
Mahad Al - Nasry Kindergarten,103.9538394,1.3609627
Mahad Al-Nasry @ Sengkang kindergarten,103.9011089,1.3918318
Maris Stella Kindergarten,103.8086403,1.3087161
Marymount Kindergarten,103.8570941,1.3406013
Metamorphosis Kindergarten,103.7457227,1.3851291
Methodist Church Of The Incarnation (MCI) Kindergarten,103.7536484,1.3798574
MFC Kindergarten (Broadrick Road),103.8907084,1.2997929
MFC Kindergarten (Newton),103.8412972,1.317984
Modern Montessori Kindergarten,103.8479378,1.2870439
Monte Kidz World (Hougang),103.8878925,1.3792668
Monte Kidz World (Pasir Ris),103.9419543,1.3785415
Montessori Children's House Kindergarten,103.7907009,1.3321438
Mosaic Kindergarten,103.7837896,1.336411
MRC Kindergarten (Serangoon North),103.8713283,1.3733781
MRC Kindergarten (Yishun South),103.835301,1.416239
Muhammadiyah Kindergarten,103.9152147,1.3231361
Mujahidin Mosque Kindergarten,103.80101,1.29819
My Montessori Preschool @ Bullion,103.8363437,1.3913541
My Prep School,103.925843,1.307426
NAFA Arts Kindergarten,103.9139459,1.3098305
NAFA Arts Kindergarten (Derbyshire),103.845369,1.315478
Nanyang Children School,103.809353,1.2733059
Nanyang Kindergarten,103.8057837,1.3179523
Nanyang Kindergarten,103.8057837,1.3179523
Nativity Church Kindergarten,103.897954,1.374516
New Life Kindergarten,103.7773208,1.4447663
Newton Kindergarten,103.8408075,1.3138597
P & J Kindergarten,-95.712891,37.09024
Paper Scissors Stone Montessori Kindergarten,103.9253512,1.3369948
Paper Scissors Stone Montessori Kindergarten (Bedok Reservoir Branch),103.9253512,1.3369948
Pasir Panjang Hill Church Kindergarten,103.785775,1.280349
Paya Lebar Methodist Church Covenant Kindergarten,103.875476,1.353117
PCF SPARKLETOTS PRESCHOOL @ ADMIRALTY Blk 501 (KN),103.792047,1.4329829
PCF SPARKLETOTS PRESCHOOL @ ADMIRALTY Blk 581 (KN),103.796348,1.430134
PCF SPARKLETOTS PRESCHOOL @ ADMIRALTY Blk 687B (KN),103.807393,1.4417739
PCF SPARKLETOTS PRESCHOOL @ ANG MO KIO-HOUGANG Blk 632 (KN),103.8800095,1.3747713
PCF SPARKLETOTS PRESCHOOL @ ANG MO KIO-HOUGANG Blk 929 (KN),103.8814857,1.376066
PCF SPARKLETOTS PRESCHOOL @ ANG MO KIO-HOUGANG Blk 970 (KN),103.880312,1.378769
PCF SPARKLETOTS PRESCHOOL @ AYER RAJAH Blk 48 (KN),103.739893,1.320538
PCF SPARKLETOTS PRESCHOOL @ BEDOK Blk 30 (KN),103.9364662,1.3236193
PCF SPARKLETOTS PRESCHOOL @ BEDOK RESERVOIR-PUNGGOL Blk 414 (DS),103.89604,1.3748861
PCF SPARKLETOTS PRESCHOOL @ BEDOK RESERVOIR-PUNGGOL Blk 475C (DS),103.9224122,1.3364376
PCF SPARKLETOTS PRESCHOOL @ BEDOK RESERVOIR-PUNGGOL Blk 713 (KN),103.9224122,1.3364376
PCF SPARKLETOTS PRESCHOOL @ BISHAN EAST-THOMSON Blk 144 (KN),103.8533738,1.3459243
PCF SPARKLETOTS PRESCHOOL @ BISHAN EAST-THOMSON Blk 197 (KN),103.8504935,1.34885
PCF SPARKLETOTS PRESCHOOL @ BISHAN EAST-THOMSON Blk 313 (KN),103.8504935,1.34885
PCF SPARKLETOTS PRESCHOOL @ BISHAN NORTH Blk 231 (KN),103.84573,1.357349
PCF SPARKLETOTS PRESCHOOL @ BISHAN NORTH Blk 441 (KN),103.84573,1.357349
PCF SPARKLETOTS PRESCHOOL @ BOON LAY Blk 207 (KN),103.71362,1.34664
PCF SPARKLETOTS PRESCHOOL @ BOON LAY Blk 262 (KN),103.7072763,1.3447063
PCF SPARKLETOTS PRESCHOOL @ BOON LAY Blk 631 (KN),103.7003237,1.3431124
PCF SPARKLETOTS PRESCHOOL @ BRADDELL HEIGHTS Blk 307 (KN),103.866933,1.35455
PCF SPARKLETOTS PRESCHOOL @ BRADDELL HEIGHTS Blk 417 (KN),103.866933,1.35455
PCF SPARKLETOTS PRESCHOOL @ BUKIT BATOK Blk 148 (KN),103.7438834,1.3492899
PCF SPARKLETOTS PRESCHOOL @ BUKIT BATOK Blk 180 (KN),103.7428809,1.3455047
PCF SPARKLETOTS PRESCHOOL @ BUKIT BATOK EAST Blk 241 (KN),103.754458,1.350917
PCF SPARKLETOTS PRESCHOOL @ BUKIT BATOK EAST Blk 285C (KN),103.7463455,1.3379097
PCF SPARKLETOTS PRESCHOOL @ BUKIT BATOK EAST Blk 289G (KN),103.7590564,1.3450043
PCF SPARKLETOTS PRESCHOOL @ BUKIT GOMBAK Blk 535 (DS),103.750231,1.354954
PCF SPARKLETOTS PRESCHOOL @ BUKIT PANJANG Blk 111 (KN),103.768197,1.378146
PCF SPARKLETOTS PRESCHOOL @ BUKIT PANJANG Blk 226 (KN),103.772335,1.375289
PCF SPARKLETOTS PRESCHOOL @ BUKIT PANJANG Blk 422 (KN),103.769585,1.385016
PCF SPARKLETOTS PRESCHOOL @ BUKIT TIMAH BLK 312B (DS),103.7659837,1.321972
PCF SPARKLETOTS PRESCHOOL @ BUKIT TIMAH Blk 319 (KN),103.7659837,1.321972
PCF SPARKLETOTS PRESCHOOL @ BUONA VISTA Blk 4 (DS),103.7957715,1.3079724
PCF SPARKLETOTS PRESCHOOL @ BUONA VISTA Blk 54 (DS),103.7968651,1.301484
PCF SPARKLETOTS PRESCHOOL @ CANBERRA Blk 330 (DS),103.8177564,1.4467044
PCF SPARKLETOTS PRESCHOOL @ CANBERRA Blk 468D (KN),103.8148359,1.4498023
PCF SPARKLETOTS PRESCHOOL @ CANBERRA Blk 487 (KN),103.8148359,1.4498023
PCF SPARKLETOTS PRESCHOOL @ CASHEW Blk 545 (KN),103.7631547,1.3830664
PCF SPARKLETOTS PRESCHOOL @ CHANGI-SIMEI Blk 119 (KN),103.9521569,1.3438747
PCF SPARKLETOTS PRESCHOOL @ CHANGI-SIMEI Blk 131 (KN),103.9538414,1.3454346
PCF SPARKLETOTS PRESCHOOL @ CHENG SAN-SELETAR Blk 435 (KN),103.8663418,1.405163
PCF SPARKLETOTS PRESCHOOL @ CHENG SAN-SELETAR Blk 533 (KN),103.849892,1.375694
PCF SPARKLETOTS PRESCHOOL @ CHONG PANG Blk 107 (KN),103.827305,1.432263
PCF SPARKLETOTS PRESCHOOL @ CHONG PANG Blk 122 (KN),103.830911,1.4349397
PCF SPARKLETOTS PRESCHOOL @ CHUA CHU KANG Blk 10 (KN),103.7554148,1.380253
PCF SPARKLETOTS PRESCHOOL @ CHUA CHU KANG Blk 123 (KN),103.7554148,1.380253
PCF SPARKLETOTS PRESCHOOL @ CLEMENTI Blk 330 (DS),103.7677038,1.3136913
PCF SPARKLETOTS PRESCHOOL @ CLEMENTI Blk 462A (KN),103.7656197,1.3114618
PCF SPARKLETOTS PRESCHOOL @ EUNOS Blk 122 (KN),103.910503,1.331951
PCF SPARKLETOTS PRESCHOOL @ EUNOS Blk 616 (KN),103.915116,1.331972
PCF SPARKLETOTS PRESCHOOL @ FENGSHAN Blk 126 (KN),103.938667,1.328294
PCF SPARKLETOTS PRESCHOOL @ GAMBAS Blk 309 (KN),103.8212732,1.4467372
PCF SPARKLETOTS PRESCHOOL @ GAMBAS Blk 317 (KN),103.8203026,1.4457976
PCF SPARKLETOTS PRESCHOOL @ GAMBAS Blk 408 (KN),103.8484929,1.4263114
PCF SPARKLETOTS PRESCHOOL @ GEYLANG SERAI Blk 11 (KN),103.8959999,1.3144353
PCF SPARKLETOTS PRESCHOOL @ GEYLANG SERAI Blk 14 (KN),103.8800453,1.3357812
PCF SPARKLETOTS PRESCHOOL @ HENDERSON-DAWSON Blk 124A (KN),103.8167764,1.2864986
PCF SPARKLETOTS PRESCHOOL @ HONG KAH NORTH Blk 276D (KN),103.7044608,1.3534832
PCF SPARKLETOTS PRESCHOOL @ HONG KAH NORTH Blk 319 (KN),103.747236,1.3609131
PCF SPARKLETOTS PRESCHOOL @ HONG KAH NORTH Blk 338 (KN),103.750589,1.363603
PCF SPARKLETOTS PRESCHOOL @ HONG KAH NORTH Blk 750 (KN),103.7003201,1.3475751
PCF SPARKLETOTS PRESCHOOL @ HOUGANG Blk 328 (DS),103.8964516,1.3687457
PCF SPARKLETOTS PRESCHOOL @ JALAN KAYU Blk 518 (KN),103.8742393,1.3717335
PCF SPARKLETOTS PRESCHOOL @ JALAN KAYU Blk 556 (KN),103.856826,1.371808
PCF SPARKLETOTS PRESCHOOL @ JALAN KAYU Blk 987C (DS),103.8782154,1.3800313
PCF SPARKLETOTS PRESCHOOL @ JOO CHIAT Blk 15 (KN),103.9075984,1.3122395
PCF SPARKLETOTS PRESCHOOL @ JURONG CENTRAL Blk 490 (KN),103.7272096,1.3497144
PCF SPARKLETOTS PRESCHOOL @ JURONG SPRING Blk 465 (KN),103.7185808,1.3529873
PCF SPARKLETOTS PRESCHOOL @ JURONG SPRING Blk 515 (KN),103.720431,1.346291
PCF SPARKLETOTS PRESCHOOL @ JURONG SPRING Blk 527 (KN),103.7185808,1.3529873
PCF SPARKLETOTS PRESCHOOL @ KAKI BUKIT Blk 519 (KN),103.9282689,1.3309319
PCF SPARKLETOTS PRESCHOOL @ KAKI BUKIT Blk 526 (KN),103.9291271,1.334214
PCF SPARKLETOTS PRESCHOOL @ KAMPONG CHAI CHEE Blk 135 (KN),103.924796,1.323866
PCF SPARKLETOTS PRESCHOOL @ KAMPONG CHAI CHEE Blk 409 (KN),103.932926,1.328229
PCF SPARKLETOTS PRESCHOOL @ KAMPONG CHAI CHEE Blk 775 (KN),103.9352581,1.33769
PCF SPARKLETOTS PRESCHOOL @ KAMPONG GLAM Blk 462 (KN),103.861205,1.304635
PCF SPARKLETOTS PRESCHOOL @ KEAT HONG Blk 295 (KN),103.740955,1.378179
PCF SPARKLETOTS PRESCHOOL @ KEAT HONG Blk 411 (KN),103.741234,1.381129
PCF SPARKLETOTS PRESCHOOL @ KEAT HONG Blk 801 (DS),103.7435179,1.3745149
PCF SPARKLETOTS PRESCHOOL @ KEMBANGAN CHAI CHEE Blk 116 (DS),103.9119068,1.3228258
PCF SPARKLETOTS PRESCHOOL @ KEMBANGAN CHAI CHEE Blk 326 (KN),103.9119068,1.3228258
PCF SPARKLETOTS PRESCHOOL @ KEMBANGAN CHAI CHEE Blk 59 (KN),103.9119068,1.3228258
PCF SPARKLETOTS PRESCHOOL @ KOLAM AYER Blk 12 (KN),103.8681467,1.3204799
PCF SPARKLETOTS PRESCHOOL @ KOLAM AYER Blk 64 (KN),103.8681467,1.3204799
PCF SPARKLETOTS PRESCHOOL @ KRETA AYER-KIM SENG Blk 79 (KN),103.8286903,1.2910869
PCF SPARKLETOTS PRESCHOOL @ LIMBANG Blk 543 (KN),103.744313,1.393506
PCF SPARKLETOTS PRESCHOOL @ LIMBANG Blk 786 (KN),103.7519389,1.402242
PCF SPARKLETOTS PRESCHOOL @ MACPHERSON Blk 108 (KN),103.88543,1.31923
PCF SPARKLETOTS PRESCHOOL @ MACPHERSON Blk 31 (KN),103.885719,1.329999
PCF SPARKLETOTS PRESCHOOL @ MACPHERSON Blk 54 (KN),103.8878211,1.3242459
PCF SPARKLETOTS PRESCHOOL @ MARINE PARADE Blk 46 (KN),103.9126998,1.3050657
PCF SPARKLETOTS PRESCHOOL @ MARSILING Blk 15 (KN),103.7787679,1.4423024
PCF SPARKLETOTS PRESCHOOL @ MARSILING Blk 302 (KN),103.7739235,1.4309813
PCF SPARKLETOTS PRESCHOOL @ MARSILING Blk 32 (KN),103.7727925,1.443378
PCF SPARKLETOTS PRESCHOOL @ MOULMEIN-CAIRNHILL Blk 10 (DS),103.8521387,1.3138862
PCF SPARKLETOTS PRESCHOOL @ MOUNTBATTEN Blk 51 (KN),103.8858939,1.308248
PCF SPARKLETOTS PRESCHOOL @ NANYANG Blk 813 (KN),103.845927,1.42591
PCF SPARKLETOTS PRESCHOOL @ NANYANG Blk 934 (KN),103.6919052,1.3430076
PCF SPARKLETOTS PRESCHOOL @ NEE SOON CENTRAL Blk 609 (KN),103.8358728,1.4210319
PCF SPARKLETOTS PRESCHOOL @ NEE SOON CENTRAL Blk 646 (KN),103.8376274,1.4221191
PCF SPARKLETOTS PRESCHOOL @ NEE SOON CENTRAL Blk 737 (KN),103.8323857,1.4290591
PCF SPARKLETOTS PRESCHOOL @ NEE SOON CENTRAL Blk 738 (KN),103.8323857,1.4290591
PCF SPARKLETOTS PRESCHOOL @ NEE SOON EAST Blk 223 (KN),103.836505,1.435152
PCF SPARKLETOTS PRESCHOOL @ NEE SOON EAST Blk 367 (KN),103.8449542,1.4295818
PCF SPARKLETOTS PRESCHOOL @ NEE SOON EAST Blk 671 (DS),103.841604,1.4189688
PCF SPARKLETOTS PRESCHOOL @ NEE SOON SOUTH Blk 875 (DS),103.835982,1.414471
PCF SPARKLETOTS PRESCHOOL @ PASIR RIS EAST Blk 216 (KN),103.960907,1.36903
PCF SPARKLETOTS PRESCHOOL @ PASIR RIS EAST Blk 426 (KN),103.9549572,1.3733697
PCF SPARKLETOTS PRESCHOOL @ PASIR RIS WEST Blk 517 (KN),103.9365988,1.3790678
PCF SPARKLETOTS PRESCHOOL @ PASIR RIS WEST Blk 738 (KN),103.9365988,1.3790678
PCF SPARKLETOTS PRESCHOOL @ PAYA LEBAR Blk 125 (KN),103.886309,1.3523989
PCF SPARKLETOTS PRESCHOOL @ PAYA LEBAR Blk 23 (KN),103.8926963,1.3639691
PCF SPARKLETOTS PRESCHOOL @ PIONEER Blk 642 (KN),103.695873,1.340431
PCF SPARKLETOTS PRESCHOOL @ PIONEER Blk 654B (KN),103.6977951,1.3361521
PCF SPARKLETOTS PRESCHOOL @ PIONEER Blk 662B (KN),103.703116,1.337205
PCF SPARKLETOTS PRESCHOOL @ PIONEER Blk 665A (KN),103.703265,1.339949
PCF SPARKLETOTS PRESCHOOL @ POTONG PASIR Blk 143 (KN),103.8669915,1.3321889
PCF SPARKLETOTS PRESCHOOL @ PUNGGOL COAST Blk 303A (KN),103.9061944,1.4037736
PCF SPARKLETOTS PRESCHOOL @ PUNGGOL COAST Blk 676B (DS),103.9119092,1.4000082
PCF SPARKLETOTS PRESCHOOL @ PUNGGOL EAST Blk 103 (KN),103.9012119,1.3824486
PCF SPARKLETOTS PRESCHOOL @ PUNGGOL EAST Blk 124A (KN),103.901864,1.393637
PCF SPARKLETOTS PRESCHOOL @ PUNGGOL EAST Blk 143 (KN),103.905739,1.390138
PCF SPARKLETOTS PRESCHOOL @ PUNGGOL EAST Blk 187B (KN),103.905997,1.39435
PCF SPARKLETOTS PRESCHOOL @ PUNGGOL NORTH Blk 105D (KN),103.9055683,1.3969974
PCF SPARKLETOTS PRESCHOOL @ PUNGGOL NORTH Blk 171C (KN),103.9131424,1.3947619
PCF SPARKLETOTS PRESCHOOL @ PUNGGOL NORTH Blk 174D (KN),103.909924,1.397229
PCF SPARKLETOTS PRESCHOOL @ PUNGGOL NORTH Blk 663A (DS),103.9169664,1.4001658
PCF SPARKLETOTS PRESCHOOL @ PUNGGOL WEST Blk 271A (KN),103.9004648,1.4037098
PCF SPARKLETOTS PRESCHOOL @ PUNGGOL WEST Blk 308B (DS),103.9004648,1.4037098
PCF SPARKLETOTS PRESCHOOL @ QUEENSTOWN Blk 3 (KN),103.8081914,1.286236
PCF SPARKLETOTS PRESCHOOL @ QUEENSTOWN Blk 53A (KN),103.783237,1.302517
PCF SPARKLETOTS PRESCHOOL @ RADIN MAS Blk 108 (KN),103.8248413,1.2725618
PCF SPARKLETOTS PRESCHOOL @ RADIN MAS Blk 21 (KN),103.8208253,1.2766806
PCF SPARKLETOTS PRESCHOOL @ RADIN MAS Blk 70A (KN),103.8167764,1.2864986
PCF SPARKLETOTS PRESCHOOL @ RADIN MAS Blk 87 (KN),103.8190701,1.2861647
PCF SPARKLETOTS PRESCHOOL @ SEMBAWANG Blk 507D (KN),103.8227762,1.4515251
PCF SPARKLETOTS PRESCHOOL @ SEMBAWANG Blk 786B (KN),103.7395516,1.343138
PCF SPARKLETOTS PRESCHOOL @ SEMBAWANG Blk 789 (KN),103.8023818,1.4434424
PCF SPARKLETOTS PRESCHOOL @ SENGKANG CENTRAL Blk 206A (KN),103.8968531,1.386435
PCF SPARKLETOTS PRESCHOOL @ SENGKANG CENTRAL Blk 231 (KN),103.8939769,1.3859968
PCF SPARKLETOTS PRESCHOOL @ SENGKANG CENTRAL Blk 277B (KN),103.894509,1.382338
PCF SPARKLETOTS PRESCHOOL @ SENGKANG CENTRAL Blk 292B (KN),103.898739,1.395418
PCF SPARKLETOTS PRESCHOOL @ SENGKANG SOUTH Blk 443 (KN),103.8741094,1.391585
PCF SPARKLETOTS PRESCHOOL @ SENGKANG SOUTH Blk 452 (DS),103.8963258,1.3786196
PCF SPARKLETOTS PRESCHOOL @ SENGKANG SOUTH Blk 535 (KN),103.8901894,1.3765578
PCF SPARKLETOTS PRESCHOOL @ SENGKANG WEST Blk 303A (KN),103.8911566,1.3870808
PCF SPARKLETOTS PRESCHOOL @ SENGKANG WEST Blk 330A (DS),103.8899673,1.3966081
PCF SPARKLETOTS PRESCHOOL @ SENGKANG WEST Blk 416A (KN),103.8798999,1.3905573
PCF SPARKLETOTS PRESCHOOL @ SENGKANG WEST Blk 436D (KN),103.876501,1.392749
PCF SPARKLETOTS PRESCHOOL @ SERANGOON Blk 125 (KN),103.8723082,1.3665389
PCF SPARKLETOTS PRESCHOOL @ SERANGOON Blk 226 (KN),103.8709556,1.3568711
PCF SPARKLETOTS PRESCHOOL @ SIGLAP Blk 170 (KN),103.9452829,1.3208597
PCF SPARKLETOTS PRESCHOOL @ TAMAN JURONG Blk 352 (KN),103.7202743,1.339223
PCF SPARKLETOTS PRESCHOOL @ TAMPINES CENTRAL Blk 725 (DS),103.9353903,1.356957
PCF SPARKLETOTS PRESCHOOL @ TAMPINES CENTRAL Blk 856 (KN),103.9363784,1.3534941
PCF SPARKLETOTS PRESCHOOL @ TAMPINES CENTRAL Blk 868A (KN),103.9329199,1.3559873
PCF SPARKLETOTS PRESCHOOL @ TAMPINES EAST Blk 261 (KN),103.950836,1.354257
PCF SPARKLETOTS PRESCHOOL @ TAMPINES EAST Blk 262 (DS),103.9507574,1.3538646
PCF SPARKLETOTS PRESCHOOL @ TAMPINES NORTH Blk 483 (KN),103.952023,1.3588843
PCF SPARKLETOTS PRESCHOOL @ TAMPINES WEST Blk 140 (KN),103.943774,1.347674
PCF SPARKLETOTS PRESCHOOL @ TAMPINES WEST Blk 887 (KN),103.9318355,1.3504501
PCF SPARKLETOTS PRESCHOOL @ TAMPINES-CHANGKAT Blk 106 (KN),103.9469527,1.3473267
PCF SPARKLETOTS PRESCHOOL @ TAMPINES-CHANGKAT Blk 284 (KN),103.952582,1.3490988
PCF SPARKLETOTS PRESCHOOL @ TAMPINES-CHANGKAT Blk 318 (KN),103.956304,1.351869
PCF SPARKLETOTS PRESCHOOL @ TAMPINES-CHANGKAT Blk 358 (KN),103.956304,1.351869
PCF SPARKLETOTS PRESCHOOL @ TANJONG PAGAR-TIONG BAHRU Blk 130 (KN),103.8292793,1.2805057
PCF SPARKLETOTS PRESCHOOL @ TANJONG PAGAR-TIONG BAHRU Blk 1E (KN),103.8411519,1.276639
PCF SPARKLETOTS PRESCHOOL @ TECK GHEE Blk 301 (KN),103.857052,1.365834
PCF SPARKLETOTS PRESCHOOL @ TECK GHEE Blk 466 (KN),103.857052,1.365834
PCF SPARKLETOTS PRESCHOOL @ TELOK BLANGAH Blk 2 (KN),103.8088804,1.2732872
PCF SPARKLETOTS PRESCHOOL @ TELOK BLANGAH Blk 78A (DS),103.8088804,1.2732872
PCF SPARKLETOTS PRESCHOOL @ TOA PAYOH CENTRAL Blk 157 (KN),103.8454928,1.3322799
PCF SPARKLETOTS PRESCHOOL @ TOA PAYOH CENTRAL Blk 97 (KN),103.8454928,1.3322799
PCF SPARKLETOTS PRESCHOOL @ TOA PAYOH EAST-NOVENA Blk 6 (KN),103.8572275,1.3385211
PCF SPARKLETOTS PRESCHOOL @ TOA PAYOH WEST-BALESTIER Blk 205 (KN),103.8454928,1.3322799
PCF SPARKLETOTS PRESCHOOL @ TOA PAYOH WEST-BALESTIER Blk 45 (DS),103.8454928,1.3322799
PCF SPARKLETOTS PRESCHOOL @ ULU PANDAN Blk 24 (KN),103.7887474,1.3089654
PCF SPARKLETOTS PRESCHOOL @ WEST COAST Blk 702 (KN),103.7607538,1.3073778
PCF SPARKLETOTS PRESCHOOL @ WEST COAST Blk 728 (KN),103.7632416,1.305824
PCF SPARKLETOTS PRESCHOOL @ WHAMPOA Blk 106 (KN),103.8609608,1.3210859
PCF SPARKLETOTS PRESCHOOL @ WHAMPOA Blk 112 (KN),103.8568601,1.3259698
PCF SPARKLETOTS PRESCHOOL @ WHAMPOA Blk 85 (KN),103.856429,1.322962
PCF SPARKLETOTS PRESCHOOL @ WOODGROVE Blk 364 (KN),103.7867392,1.4340598
PCF SPARKLETOTS PRESCHOOL @ WOODGROVE Blk 899B (KN),103.7949903,1.4361131
PCF SPARKLETOTS PRESCHOOL @ WOODLANDS Blk 652 (KN),103.7995859,1.4381006
PCF SPARKLETOTS PRESCHOOL @ WOODLANDS Blk 730 (KN),103.7978422,1.4425118
PCF SPARKLETOTS PRESCHOOL @ WOODLANDS Blk 875 (KN),103.789597,1.4425634
PCF SPARKLETOTS PRESCHOOL @ YEW TEE Blk 608 (KN),103.7447538,1.3984005
PCF SPARKLETOTS PRESCHOOL @ YEW TEE Blk 682 (KN),103.7519389,1.402242
PCF SPARKLETOTS PRESCHOOL @ YEW TEE Blk 690D (KN),103.7519389,1.402242
PCF SPARKLETOTS PRESCHOOL @ YIO CHU KANG Blk 121 (KN),103.9119068,1.3228258
PCF SPARKLETOTS PRESCHOOL @ YIO CHU KANG Blk 235 (KN),103.8752593,1.3508784
PCF SPARKLETOTS PRESCHOOL @ YIO CHU KANG Blk 644 (KN),103.8409621,1.379137
PCF SPARKLETOTS PRESCHOOL @ YUHUA Blk 223A (KN),103.736379,1.341348
PCF SPARKLETOTS PRESCHOOL @ YUHUA Blk 251 (KN),103.7395516,1.343138
PCF SPARKLETOTS PRESCHOOL @ YUHUA Blk 317 (KN),103.8203026,1.4457976
PCF SPARKLETOTS PRESCHOOL @ ZHENGHUA Blk 455A (KN),103.7707803,1.3878022
PCF SPARKLETOTS PRESCHOOL @ ZHENGHUA Blk 528 (KN),103.764928,1.385218
PCF SPARKLETOTS PRESCHOOL @ ZHENGHUA Blk 620 (KN),103.7988516,1.4332082
Pearlbank Montessori Kindergarten,103.7795204,1.2874601
Pentecost Methodist Church Kindergarten,103.9573782,1.371122
Pibos Garden Preschool,103.785204,1.336552
Pink Tower Montessori,103.905339,1.30646
Prodigy Preschool,103.8809329,1.3517253
Pu Hui Kindergarten,103.9005335,1.3163432
Putra - Putri Kindergarten,103.772658,1.4288519
Quayside Isle Preparatory School,103.842355,1.2471389
Queenstown Good Shepherd Kindergarten,103.8077506,1.2950015
Queenstown Lutheran Church Kindergarten,103.7993089,1.3062679
Raffles Montessori Kindergarten (Aljunied),103.881466,1.315247
Raffles Montessori Kindergarten (Still Road),103.9078449,1.3097221
Rainbow Cove Montessori,103.8013857,1.2742251
Ramakrishna Mission Sarada Kindergarten,103.8794539,1.3439245
Ripples Montessori Kindergarten,103.94824,1.3336
Riverlife Kindergarten,103.957872,1.378617
Saraswathy Darma Muneeswaran Kindergarten,103.8336339,1.4164226
Saraswathy Kindergarten,103.858321,1.331723
Seeds D' Learning House,103.905163,1.306742
Sengkang Methodist Children Centre,103.886431,1.392229
Seventh-day Adventist Kindergarten,103.73843,1.33573
Shalom Kindergarten,103.9581936,1.3786143
Singapore Hokkien Huay Kuan Pre-School,103.9386444,1.315696
Soka Kindergarten,103.943348,1.344633
Sri Sathya Sai Kindergarten,103.936824,1.383026
St. Anne's Church Kindergarten,103.901796,1.391528
St. Francis Of Assisi Kindergarten (Boon Lay),103.7111317,1.3480611
St. Francis Of Assisi Kindergarten (Jurong West),103.7165633,1.3519879
St. Francis Xavier Kindergarten,103.8636209,1.3586402
St. Hilda's Church Kindergarten,103.9009842,1.3080128
St. James' Church Kindergarten,103.7962144,1.3128852
St. James' Church Kindergarten (Gilstead),103.8388187,1.3166894
St. James' Church Kindergarten (Harding),103.8123726,1.3043525
St. Joseph's Church Kindergarten,103.7681429,1.3679019
St. Paul's Church Kindergarten,103.8823729,1.3582983
St. Vincent De Paul Kindergarten,103.875132,1.37391
Starland Kindergarten,103.924195,1.324604
Summer Montessori,103.724765,1.326983
Sunshine Kindergarten (Watten),103.796707,1.323904
Swallows And Amazons Kindergarten,103.7940136,1.3363461
The Ascension Kindergarten,103.866549,1.3300829
The Capstone Kindergarten,103.8146362,1.2693815
The Little House (Montessori) Kindergarten,103.7672711,1.3306254
The Montessori Playroom Kindergarten,103.8941449,1.371098
Thomson Road Baptist Kindergarten,103.844909,1.3151339
Toa Payoh Methodist Church Kindergarten,103.8464491,1.3340639
Tots Club Preschool,103.6974698,1.3458697
Totsville Montessori Kindergarten,103.936481,1.381769
Totsville Montessori Kindergarten (Bishan),103.8454558,1.3578647
Totsville Montessori Preschool,103.8454558,1.3578647
TPBC Kindergarten,103.8804626,1.3505994
True Way Presbyterian Kindergarten,103.805823,1.2937245
Tung Ling Kindergarten,103.906623,1.304314
Two By Two Schoolhouse,103.9105841,1.3118315
Wee Care Kindergarten,103.8229393,1.3056253
White Lodge Bukit Timah Pte Ltd,103.8016765,1.332397
White Lodge Kindergarten (East Coast),103.8825356,1.3098291
White Lodge Kindergarten (Phoenix Park),103.8148337,1.2982391
White Lodge Kindergarten (Upper East Coast),103.9716947,1.3649101
White Lodge Upper Bukit Timah Pte Ltd,103.7685,1.359952
White Lodge West Coast Pte Ltd,103.7864215,1.2800593
Yio Chu Kang Chapel Kindergarten,103.8763178,1.3678882
Zion Bishan Kindergarten,103.8548998,1.3471255
Zion Kindergarten,103.8620678,1.3675067
Zoo-Phonics Kindergarten,103.871459,1.352988
Zulfa Kindergarten,103.9409349,1.3798133
Zulfa Kindergarten @ Choa Chu Kang,103.7368065,1.3803999
Zulfa Kindergarten @ Pasir Ris,103.9409349,1.3798133
Zulfa Kindergarten @ Sembawang Mart PTE LTD,103.8195431,1.4537238
MOE Kindergarten @ Blangah Rise (KCare available),103.8087169,1.2761797
MOE Kindergarten @ Dazhong (KCare available from 2019),103.8753898,1.392548
MOE Kindergarten @ Farrer Park (KCare available from 2019),103.8753898,1.392548
MOE Kindergarten @ Punggol View (KCare available),103.9058604,1.4049419
MOE Kindergarten @ Tampines,103.956521,1.361814
MOE Kindergarten @ Punggol Green?KCare available),103.8988306,1.4023813
MOE Kindergarten @ Sengkang Green (KCare available),103.8753898,1.392548
MOE Kindergarten @ West Spring?(KCare available),103.7663052,1.3888971
MOE Kindergarten @ Frontier (KCare available),103.7001537,1.3373922
MOE Kindergarten @ Yishun (KCare available),103.8435613,1.4340838
MOE Kindergarten @ Fernvale Link (KCare available),103.8753898,1.392548
MOE Kindergarten @ Northoaks (KCare available),103.813826,1.456638
MOE Kindergarten @ Riverside (KCare available),103.801516,1.447306
MOE Kindergarten @ Springdale (KCare available),103.8904765,1.3952254
MOE Kindergarten @ Westwood (KCare available),103.700834,1.347405
MOE Kindergarten @ Oasis,103.9109619,1.404288
MOE Kindergarten @ Punggol Cove,103.898585,1.412225
MOE Kindergarten @ Waterway,103.918503,1.399129
MOE Kindergarten @ Anchor Green (Opening in 2019 -  KCare available),103.8753898,1.392548
MOE Kindergarten @ Fernvale (Opening in 2019 -  KCare available),103.8753898,1.392548
MOE Kindergarten @ Wellington (Opening in 2019 -  KCare available),103.801516,1.447306
MOE Kindergarten @ Pei Tong (Opening in 2019 -  KCare available),103.7675906,1.3161197
MOE Kindergarten @ First Toa Payoh (Opening in 2019 -  KCare available),103.8753898,1.392548
MOE Kindergarten @ Kranji (Opening in 2019 -  KCare available),103.7477849,1.393694
MOE Kindergarten @ Fern Green (Opening in 2019 -  KCare available),103.8753898,1.392548
