2,ACES Montessori Kidz Kindergarten,0101000020E610000012A452EC68FD5940D0285DFA97E4F53F
3,Agape Montessori House Kindergarten,0101000020E61000002063EE5A42F559400F61FC34EE0DF63F
4,Al - Amin Pre-School,0101000020E6100000E551E0536FFD59408F44793073ABF53F
5,Al - Amin Preschool (Pasir Ris),0101000020E6100000E551E0536FFD59408F44793073ABF53F
6,Al - Ansar Mosque Kindergarten,0101000020E6100000ED81566048FB5940AD8905BEA23BF53F
7,Al - Iman Mosque Kindergarten,0101000020E61000007EC51A2E72F15940AA46AF06280DF63F
8,Al - Istighfar Mosque Kindergarten,0101000020E6100000270FB0FBB3FD5940A1702CDE7EEFF53F
9,Al - Istiqamah Mosque Kindergarten,0101000020E6100000B4A5B33808F859403BC3D4963AE8F53F
10,Al - Khair Mosque Kindergarten,0101000020E6100000759ABB4C03F0594059839C9C461FF63F
11,Al - Mukminin Mosque Kindergarten,0101000020E61000003F7C4F9B27F659402E7F74A03DEDF53F
12,Al - Muttaqin Mosque Kindergarten,0101000020E61000003F7C4F9B27F659402E7F74A03DEDF53F
13,Al-Nasry @ Jurong West Kindergarten,0101000020E6100000D7AAB8CCC4EC594085DF9744078EF53F
14,Al-Nasry @ Sengkang South,0101000020E61000001689096AF8F859405D0828C3A70FF63F
15,An - Nur Mosque Kindergarten,0101000020E6100000CB564DC667F15940EC562A03620DF73F
16,Ang Mo Kio Methodist Church Kindergarten,0101000020E6100000103FFF3D78F559407D04FEF0F3DFF53F
17,Ar - Raudhah Mosque Kindergarten,0101000020E6100000D356DB0363F05940BACED0894EA0F53F
18,Arise Kindergarten,0101000020E6100000580FA9B3A4F1594013D0E91E7E83F53F
19,Artskidz Preschool,0101000020E61000001CDB21B454F55940751CE49AA75FF43F
20,Assyakirin Mosque Kindergarten,0101000020E6100000C3E1BB830EEE59409098EA138A5EF53F
21,Banyan Tree Education @ AMK PTE. LTD.,0101000020E6100000CCBF4CCA13F8594078407EDBB80AF63F
22,Barker Road Methodist Church Kindergarten,0101000020E6100000B70A62A06BF55940E2C80391451AF53F
23,Bedok Lutheran Church Kindergarten,0101000020E6100000C6CB892C08FC59401E2565411723F53F
24,Bedok Methodist Church Kindergarten,0101000020E6100000778192020BFD5940598638D6C52DF53F
25,Bethany Kindergarten,0101000020E6100000B8A0AD3976F859404AE53796C182F53F
26,Bethel Kinderlites,0101000020E6100000E4D70FB1C1F85940ACE63922DF25F53F
27,Bethesda (Ang Mo Kio) Kindergarten,0101000020E610000089658E4097F55940465ED6C402FFF53F
28,Bethesda (Bedok-Tampines) Kindergarten,0101000020E610000011A96917D3FB594072FC5069C44CF53F
29,Bethesda (Bukit Arang) Kindergarten,0101000020E6100000BD8E386483F759400706B5842197F53F
30,Bethesda (Depot Walk) Kindergarten,0101000020E6100000851964DC1EF4594006ADD1BC2D82F43F
31,Bethesda (Katong) Kindergarten,0101000020E6100000A1664815C5FA59401F0604842011F53F
32,Bethesda (Pasir Ris) Kindergarten,0101000020E6100000A2630795B8FD594083BEF4F6E7E2F53F
33,Bethesda Chapel Kindergarten,0101000020E6100000CFA44DD53DFA5940E1EEACDD7621F53F
34,Bibinogs Preschool K.A.,0101000020E6100000F110C64FE3F3594090F5D4EAAB2BF53F
35,Blue House International School,0101000020E61000005610035DFBF2594073D476B8C260F53F
36,Brain Buttons Kindergarten,0101000020E6100000020EA14A4DF75940647A1DCC8139F63F
37,Brainy Bunch International Montessori,0101000020E610000081C17F040FF959406D4C99E5FCBEF53F
38,Brainy Bunch International Montessori (Pasir Ris),0101000020E610000081C17F040FF959406D4C99E5FCBEF53F
39,British Council (Singapore) Pre-school,0101000020E6100000E1FBD1263DFC59406B161EEA2DB4F53F
40,Bukit Panjang Methodist Church Kindergarten,0101000020E6100000A2CD16B520F15940EE6591DC50C7F53F
41,Buttercups Kindergarten (Pasir Panjang),0101000020E610000090F63FC05AF15940158BDF1456AAF43F
42,Buttercups Kindergarten (Rochester),0101000020E6100000BFB10C1673F259402ACF728F5BE2F43F
43,Buttercups Montessori Kindergarten,0101000020E6100000BFB10C1673F259402ACF728F5BE2F43F
44,Callidus Preschool,0101000020E6100000C993A46B26F65940EB71DF6A9DB8F53F
45,Calvary Baptist Kindergarten,0101000020E61000003DA87AE8F1F759407B4D0F0A4A51F53F
46,Calvary Pandan Kindergarten,0101000020E610000075E382D8BEEF5940AB8207BC8223F53F
47,Canaan Church (SCCC) Kindergarten,0101000020E6100000BAF369BA43F75940245F09A4C42EF53F
48,Canossian Convent Kindergarten,0101000020E61000007C15CF8FF5F05940D727CAEF7E86F53F
49,Catholic Kindergarten,0101000020E6100000BC79AA436EF85940622EA9DA6EC2F53F
50,Cavenur Kindergarten,0101000020E610000084640113B8FB5940F8E7FDDA55C3F53F
51,Cedan Kindergarten,0101000020E6100000A0C37C7901FA59406AF6402B3064F63F
52,Centre of New Life Kindergarten,0101000020E6100000B8C777CEBBEC594033EB7BC33397F53F
53,CGM Kindergarten,0101000020E61000008D45D3D9C9EF59403B0AC6771809F63F
54,Changi Baptist Church Kindergarten,0101000020E6100000942012746AFE59401EEF9FB82DDBF53F
55,Chatsworth Preschool,0101000020E61000007EC4AF58C3F759401990BDDEFD71F63F
56,Chatsworth Preschool (Bedok),0101000020E6100000E14ED834A5FC5940F1A1444B1E4FF53F
57,Chen Li Kindergarten,0101000020E6100000745FCE6C57F85940132C0E677EF5F43F
58,Chengzhu Mandarin Kindergarten,0101000020E61000000917F2086EF259405992F249DDE4F43F
59,Cherrybrook Kindergarten,0101000020E610000090BE49D3A0F359401F4F26C9CE16F53F
60,Children's Vineyard Kindergarten,0101000020E6100000E9F92E00E8F95940A8B4B409E6FEF43F
61,Chinese Kindergarten,0101000020E61000002A3A92CB7FF55940D4D51D8B6D92F43F
62,Choa Chu Kang Bible Centre Kindergarten,0101000020E61000005D19541B9CEF594032923D42CD50F63F
63,Church Of Holy Trinity Kindergarten,0101000020E6100000BBCE2B43C1FC59403CC1FEEBDC94F53F
64,Clementi Woods Kindergarten LLP,0101000020E61000002E02637D03F15940F2D24D6210D8F43F
65,Creative Thinkers Kindergarten,0101000020E6100000BDFBE3BD6AF159406EFC89CA8675F53F
66,Creative Twinkles Preschool,0101000020E61000002207DB3E9AFD5940B15879B8D3ACF53F
67,CS Montessori Kindergarten @ Serangoon,0101000020E610000032225168D9F75940C8A30A35F99CF53F
68,CS Montessori Kindergarten @ Tiong Bahru,0101000020E6100000B3902518F3F45940A344A6D7C19CF43F
69,Damien Centre Kindergarten,0101000020E610000096C6D40220F35940051D0824BCB8F43F
70,Darul Ghufran Mosque Kindergarten,0101000020E61000003F06860728FC59409B7631CD74AFF53F
71,Darul Makmur Mosque Kindergarten,0101000020E6100000A89DABF765F55940DFBCDD3763FDF63F
72,Darussalam Mosque Kindergarten,0101000020E6100000261B0FB658F15940E5DD4724C0FFF43F
73,Dayspring Kindergarten,0101000020E610000090C6FC378AF9594092D90F6734A8F63F
74,Dayspring Kindergarten @ Marina Country Club,0101000020E610000090C6FC378AF9594092D90F6734A8F63F
75,Divinity Kindergarten,0101000020E6100000DF066B5240F95940495865F04139F53F
76,Dreamkids Kindergarten @ East Gate Pte Ltd,0101000020E610000095EF1989D0F95940E1A24918BCDEF43F
77,Dynamic World Montessori Preschool,0101000020E6100000F87CDE9E31FA5940775F3A5222EEF43F
78,Early Years Montessori,0101000020E6100000A435069D10F1594011FC6F253B36F53F
79,Edelweiss Kindergarten Sembawang Presbyterian Church,0101000020E6100000EBEEF08DD7F4594083F6EAE3A10FF73F
80,Elim Kindergarten,0101000020E6100000BFE4901E50F75940AEE06D94AB2EF53F
81,Elite Learning Kindergarten Pte Ltd,0101000020E610000000FE2955A2EC59406D1CB1169F82F53F
82,En-Naeem Mosque Kindergarten,0101000020E61000004985B18520F959402DB29DEFA7C6F53F
83,Eshkol Valley @ Gospel Light,0101000020E61000007B4E7ADF78FA594030F88FE0A143F63F
84,Etonhouse International Research Preschool,0101000020E6100000BC61365CBFF85940EF9E4D582CCFF43F
85,Evangel Kindergarten,0101000020E6100000842D76FBACF25940BF9CD9AED007F73F
86,Evelyn's Schoolhouse,0101000020E61000003423CD69E0EC5940B48E4F6D1589F53F
87,Faith Kindergarten,0101000020E610000060CC96AC0AF359409C60490389D7F43F
88,Far Eastern Kindergarten,0101000020E6100000F97601E5A5F559405FB296A7180CF53F
89,First Step Montessori House,0101000020E610000039149914FAF45940EFB0E485CFD1F63F
90,Foochow Methodist Church Kindergarten,0101000020E6100000B3AA6FAA7FF659405D6C5A2904F2F43F
91,Galilee Kindergarten,0101000020E6100000C1638918C0EF59407A7E07F5E325F53F
92,Glory Kindergarten,0101000020E61000000C4D2377A2F15940429D4DA2B969F53F
93,Good Shepherd Convent Kindergarten,0101000020E61000003ACB2C42B1FB5940BFF04A92E7FAF43F
94,Grace House @ Tanglin,0101000020E610000099EA138A3EF45940345D990178B5F43F
95,Grace House Kindergarten,0101000020E6100000878BDCD3D5EF59408A213999B8D5F53F
96,Gracefields Kindergarten,0101000020E6100000643BDF4F8DF05940B6BA9C121013F63F
97,GUG The Kindergarten,0101000020E6100000A8AC01A5FCF559404F401361C313F53F
98,Han Junior,0101000020E610000065B7E0560BFB5940A4D06861052EF53F
99,Hanis Montessori Kindergarten (Choa Chu Kang),0101000020E6100000780AB952CFEF59407138F3AB3940F63F
100,Hanis Montessori Kindergarten (Enterprise One),0101000020E6100000DA1EBDE1BEF95940578FA09D7853F53F
101,Hanis Montessori Kindergarten (Kovan),0101000020E61000002D7CD8663EF85940D27135B22BADF53F
102,Hanis Montessori Kindergarten (Pasir Ris),0101000020E6100000309B00C3F2FB594066ACEC7195FDF53F
103,Hanis Montessori Kindergarten (Tampines),0101000020E610000035FBF2B85EFD594003322A5F86B5F53F
104,Hanis Montessori Kindergarten (Woodlands),0101000020E610000019FB37D494F15940525B8F673CD6F63F
105,Hasanah Mosque Kindergarten,0101000020E61000000F46EC1340EF5940768DF1BCAF25F53F
106,Holy Family Kindergarten,0101000020E6100000BE2ABC700CFA59408D1FCFD325E8F43F
107,Holy Grace Kindergarten,0101000020E61000006C5B94D920FC5940A8A8FA95CE07F53F
108,Hope Community Kindergarten (Choa Chu Kang),0101000020E610000083763D8768EF59407A53910A630BF63F
109,Hope Community Kindergarten (Sembawang),0101000020E61000000A9DD7D825F45940FAD2DB9F8B46F73F
110,Hope Community Kindergarten (Tampines),0101000020E6100000FC766DCAF0FC5940EE201BED5DC8F53F
111,Ichiban Nurtureland Kindergarten (Choa Chu Kang),0101000020E61000003B3602F1BAEF59402D5DC136E209F63F
112,Iman Kindergarten (Bt. Batok),0101000020E6100000A6272CF180F0594079E6E5B0FB8EF53F
113,Iman Kindergarten (CCK),0101000020E610000068226C787AEF5940FC1708026448F63F
114,Iman Kindergarten (Tampines),0101000020E6100000BA2EFCE07CFC5940302AA913D084F53F
115,Iman Kindergarten (Tenagaville),0101000020E6100000D52137C30DFA5940DD5CFC6D4F50F53F
116,Iman Kindergarten (Yishun),0101000020E6100000B32616F88AF559400CE9F010C6CFF63F
117,Iroha Kindergarten,0101000020E61000006E2CCD5257F85940A3906456EFF0F43F
118,Jamiyah Kindergarten,0101000020E61000006E92D56311F65940FF5E65C80CEFF53F
119,JENIUS Kindergarten,0101000020E61000002A3A92CB7FF859402BD9B11188D7F53F
120,Jenius Kindergarten (Hougang),0101000020E6100000E3B0EA6289F8594002DAB16C410AF63F
121,Jessin Kindergarten,0101000020E6100000CCC3F81F4FF65940A30C0BA47A61F53F
122,JHS Montessori Kindergarten,0101000020E610000017C2C5E5D3F45940A7203F1BB9AEF43F
123,Josiah Montessori Kindergarten,0101000020E6100000ACF82B0975FD5940EC17EC866DABF53F
124,Joyhouse Montessori Preschool,0101000020E6100000412C9B3924F65940EDB94C4D82B7F53F
125,Jurong Calvary Kindergarten,0101000020E6100000A2E826D64EEE5940C4EDD0B01855F53F
126,Jurong Christian Church Kindergarten,0101000020E61000008A9466F338EE5940FAD51C209863F53F
127,Kampong Kapor Methodist Church Kindergarten,0101000020E6100000C22FF5F3A6F65940FDB50600D8EAF43F
128,Kampung Siglap Mosque Kindergarten,0101000020E610000065FB90B75CFB59403B4A6FC9BBF4F43F
129,Kay Poh Road Baptist Kindergarten,0101000020E610000038A4518113F55940AE0507C5A0BDF43F
130,Khalsa Kindergarten,0101000020E6100000EA5910CAFBF65940E6B2D1393F05F53F
131,Kids 'n' Kids School,0101000020E6100000B7D9B342ECFA594096F727A72CF9F43F
132,Kidszone Kindergarten,0101000020E6100000F4CDECA90BF5594009FF2268CCE4F63F
133,Kidz Meadow Kindergarten,0101000020E6100000CEC7B5A162FC5940A4703D0AD723F63F
134,Kim Keat Christian Church Kindergarten,0101000020E6100000930035B56CF759408C101E6D1C31F53F
135,Kindergarten@An-Nahdhah,0101000020E610000014D9BDCB7BF65940CAC4AD8218A8F53F
136,Kinderland Kindergarten (Choa Chu Kang),0101000020E6100000CDE3D5DE4CEF59408BC404357C0BF63F
137,Kinderland Kindergarten (Serangoon),0101000020E6100000973B33C1F0F75940C1F00005CD9DF53F
138,Kinderland Kindergarten (Woodlands),0101000020E6100000C824236761F25940B69F8CF161F6F63F
139,Kinderland Kindergarten (Yio Chu Kang),0101000020E61000005553ED2EABF65940AF4CAE186441F63F
140,Kits4Kids Kindergarten,0101000020E6100000D2393FC571FA5940607D97AD50FFF43F
141,Kizroo Kindergarten,0101000020E610000036E103E0C4F259402C45F295406AF53F
142,Little Hands Montessori Kindergarten,0101000020E6100000929C024F10F559409F4F2ED7ECD2F43F
143,Little Leader Kindergarten,0101000020E6100000F4CDECA90BF5594009FF2268CCE4F63F
144,Little Oaks Montessori Kindergarten,0101000020E61000006BD8EF89F5F3594091ED7C3F351EF53F
145,Little Ones Kindergarten,0101000020E6100000C3876DE6EBF1594088E98C391906F53F
146,Little Raindrops Montessori Pre-School,0101000020E61000000A8E812B0FF559400BBEC4B35FD2F43F
147,Little Woods Montessori Preschool,0101000020E6100000DB32E02CA5F55940EAE7F28BB71AF53F
148,LittleSparks Montessori Kindergarten,0101000020E61000001E543DF438FB5940C3C0CEA85464F53F
149,LittleSparks Montessori Kindergarten @ Kembangan,0101000020E61000000CD98A4773FA59405943F34AA333F53F
150,Living Sanctuary Kindergarten,0101000020E61000000D16F3180AF95940125CF635DCB1F53F
151,Lumiere Montessori House,0101000020E6100000503A9160AAF7594038F6ECB94C8DF53F
152,Magdalene's Kindergarten,0101000020E6100000E65718C76DF85940D21DC4CE143AF53F
153,Mahad Al - Nasry Kindergarten,0101000020E6100000B92869B40BFD5940B836F9D280C6F53F
154,Mahad Al-Nasry @ Sengkang kindergarten,0101000020E61000009CE8A9C4ABF959406786E86BF144F63F
155,Maris Stella Kindergarten,0101000020E610000091AE3EC3C0F3594089FA134B80F0F43F
156,Marymount Kindergarten,0101000020E61000000D4636A1DAF65940F39947591A73F53F
157,Metamorphosis Kindergarten,0101000020E6100000A118B4EBB9EF59407ECE93217D29F63F
158,Methodist Church Of The Incarnation (MCI) Kindergarten,0101000020E6100000B2AB7FC63BF05940254C625AE513F63F
159,MFC Kindergarten (Broadrick Road),0101000020E61000007011CE5D01F95940002BD1A3F3CBF43F
160,MFC Kindergarten (Newton),0101000020E6100000D90D36D0D7F55940946B0A647616F53F
161,Modern Montessori Kindergarten,0101000020E6100000B302E89C44F65940BE423058BB97F43F
162,Monte Kidz World (Hougang),0101000020E61000004777103BD3F85940505667107A11F63F
163,Monte Kidz World (Pasir Ris),0101000020E6100000E734B0FA48FC59404DDC2A88810EF63F
164,Montessori Children's House Kindergarten,0101000020E6100000BD9AF2D79AF259404D1B69047650F53F
165,Mosaic Kindergarten,0101000020E61000007ABCDA9B29F25940083C3080F061F53F
166,MRC Kindergarten (Serangoon North),0101000020E61000001325C6D7C3F7594090AE88505BF9F53F
167,MRC Kindergarten (Yishun South),0101000020E61000003B54539275F55940AC1DC539EAA8F63F
168,Muhammadiyah Kindergarten,0101000020E61000006254ADE092FA594003835AC2902BF53F
169,Mujahidin Mosque Kindergarten,0101000020E6100000377172BF43F3594068E89FE062C5F43F
170,My Montessori Preschool @ Bullion,0101000020E6100000CDEDB9A786F55940FC7C4A84FC42F63F
171,My Prep School,0101000020E6100000C18EFF0241FB5940A20A7F8637EBF43F
172,NAFA Arts Kindergarten,0101000020E61000000DB4F1167EFA59406EDA8CD310F5F43F
173,NAFA Arts Kindergarten (Derbyshire),0101000020E6100000580394861AF6594045B8C9A8320CF53F
174,Nanyang Children School,0101000020E6100000D97A8670CCF359408EDCE401765FF43F
175,Nanyang Kindergarten,0101000020E610000098C9CBF591F35940F801A3265516F53F
176,Nativity Church Kindergarten,0101000020E6100000FED30D1478F9594081423D7D04FEF53F
177,New Life Kindergarten,0101000020E610000009A0BD9FBFF159408ACE8D44C31DF73F
178,Newton Kindergarten,0101000020E6100000D1AE42CACFF559409884B0BF9105F53F
179,P & J Kindergarten,0101000020E610000037A79201A0ED57C04165FCFB8C8B4240
180,Paper Scissors Stone Montessori Kindergarten,0101000020E61000001E543DF438FB5940C3C0CEA85464F53F
181,Paper Scissors Stone Montessori Kindergarten (Bedok Reservoir Branch),0101000020E61000001E543DF438FB5940C3C0CEA85464F53F
182,Pasir Panjang Hill Church Kindergarten,0101000020E6100000ECC039234AF25940FB75A73B4F7CF43F
183,Paya Lebar Methodist Church Covenant Kindergarten,0101000020E6100000B51B7DCC07F859400B96EA025EA6F53F
184,PCF SPARKLETOTS PRESCHOOL @ ADMIRALTY Blk 501 (KN),0101000020E61000004679E6E5B0F25940C5A2337A7FEDF63F
185,PCF SPARKLETOTS PRESCHOOL @ ADMIRALTY Blk 581 (KN),0101000020E61000000A0F9A5DF7F25940D55C6E30D4E1F63F
186,PCF SPARKLETOTS PRESCHOOL @ ADMIRALTY Blk 687B (KN),0101000020E61000003D81B053ACF359403B9F4B828111F73F
187,PCF SPARKLETOTS PRESCHOOL @ ANG MO KIO-HOUGANG Blk 632 (KN),0101000020E6100000D6AA5D1352F85940A4ABCF3010FFF53F
188,PCF SPARKLETOTS PRESCHOOL @ ANG MO KIO-HOUGANG Blk 929 (KN),0101000020E61000001159FF426AF85940593332C85D04F63F
189,PCF SPARKLETOTS PRESCHOOL @ ANG MO KIO-HOUGANG Blk 970 (KN),0101000020E6100000B091240857F8594067D13B15700FF63F
190,PCF SPARKLETOTS PRESCHOOL @ AYER RAJAH Blk 48 (KN),0101000020E610000084622B685AEF594004013274EC20F53F
191,PCF SPARKLETOTS PRESCHOOL @ BEDOK Blk 30 (KN),0101000020E6100000CDB3ED0FEFFB5940ADAB5D6E8B2DF53F
192,PCF SPARKLETOTS PRESCHOOL @ BEDOK RESERVOIR-PUNGGOL Blk 414 (DS),0101000020E61000001AFA27B858F959408B99339188FFF53F
193,PCF SPARKLETOTS PRESCHOOL @ BEDOK RESERVOIR-PUNGGOL Blk 475C (DS),0101000020E61000009C1B2ECD08FB5940D05092640C62F53F
194,PCF SPARKLETOTS PRESCHOOL @ BEDOK RESERVOIR-PUNGGOL Blk 713 (KN),0101000020E61000009C1B2ECD08FB5940D05092640C62F53F
195,PCF SPARKLETOTS PRESCHOOL @ BISHAN EAST-THOMSON Blk 144 (KN),0101000020E6100000D99024AD9DF65940604436EBE788F53F
196,PCF SPARKLETOTS PRESCHOOL @ BISHAN EAST-THOMSON Blk 197 (KN),0101000020E61000007AFD497C6EF65940865AD3BCE394F53F
197,PCF SPARKLETOTS PRESCHOOL @ BISHAN EAST-THOMSON Blk 313 (KN),0101000020E61000007AFD497C6EF65940865AD3BCE394F53F
198,PCF SPARKLETOTS PRESCHOOL @ BISHAN NORTH Blk 231 (KN),0101000020E6100000C0CFB87020F659400322C495B3B7F53F
199,PCF SPARKLETOTS PRESCHOOL @ BISHAN NORTH Blk 441 (KN),0101000020E6100000C0CFB87020F659400322C495B3B7F53F
200,PCF SPARKLETOTS PRESCHOOL @ BOON LAY Blk 207 (KN),0101000020E6100000617138F3ABED59405DC47762D68BF53F
201,PCF SPARKLETOTS PRESCHOOL @ BOON LAY Blk 262 (KN),0101000020E6100000196FD00344ED5940469AD3C0EA83F53F
202,PCF SPARKLETOTS PRESCHOOL @ BOON LAY Blk 631 (KN),0101000020E610000047077F1AD2EC594015A28D6D637DF53F
203,PCF SPARKLETOTS PRESCHOOL @ BRADDELL HEIGHTS Blk 307 (KN),0101000020E6100000AFB48CD47BF75940B1BFEC9E3CACF53F
204,PCF SPARKLETOTS PRESCHOOL @ BRADDELL HEIGHTS Blk 417 (KN),0101000020E6100000AFB48CD47BF75940B1BFEC9E3CACF53F
205,PCF SPARKLETOTS PRESCHOOL @ BUKIT BATOK Blk 148 (KN),0101000020E610000063C21EC99BEF5940762B9501B196F53F
206,PCF SPARKLETOTS PRESCHOOL @ BUKIT BATOK Blk 180 (KN),0101000020E6100000AD94545C8BEF594023D4B1EF2F87F53F
207,PCF SPARKLETOTS PRESCHOOL @ BUKIT BATOK EAST Blk 241 (KN),0101000020E6100000280D350A49F0594054C4E9245B9DF53F
208,PCF SPARKLETOTS PRESCHOOL @ BUKIT BATOK EAST Blk 285C (KN),0101000020E61000001381EA1FC4EF5940CC0468001468F53F
209,PCF SPARKLETOTS PRESCHOOL @ BUKIT BATOK EAST Blk 289G (KN),0101000020E610000073744B6194F0594083AB973A2385F53F
210,PCF SPARKLETOTS PRESCHOOL @ BUKIT GOMBAK Blk 535 (DS),0101000020E6100000815CE2C803F05940A359D93EE4ADF53F
211,PCF SPARKLETOTS PRESCHOOL @ BUKIT PANJANG Blk 111 (KN),0101000020E6100000A9F8BF232AF15940BCCFF1D1E20CF63F
212,PCF SPARKLETOTS PRESCHOOL @ BUKIT PANJANG Blk 226 (KN),0101000020E610000098A3C7EF6DF15940D6C6D8092F01F63F
213,PCF SPARKLETOTS PRESCHOOL @ BUKIT PANJANG Blk 422 (KN),0101000020E6100000809F71E140F15940DFFC86890629F63F
214,PCF SPARKLETOTS PRESCHOOL @ BUKIT TIMAH BLK 312B (DS),0101000020E610000039317FE005F15940B5A4A31CCC26F53F
215,PCF SPARKLETOTS PRESCHOOL @ BUKIT TIMAH Blk 319 (KN),0101000020E610000039317FE005F15940B5A4A31CCC26F53F
216,PCF SPARKLETOTS PRESCHOOL @ BUONA VISTA Blk 4 (DS),0101000020E6100000B0E595EBEDF259404D21A17774EDF43F
217,PCF SPARKLETOTS PRESCHOOL @ BUONA VISTA Blk 54 (DS),0101000020E6100000B9F479D6FFF25940B74604E3E0D2F43F
218,PCF SPARKLETOTS PRESCHOOL @ CANBERRA Blk 330 (DS),0101000020E61000000F86F01E56F4594039AB4F83B325F73F
219,PCF SPARKLETOTS PRESCHOOL @ CANBERRA Blk 468D (KN),0101000020E6100000D586794526F4594038A682E56332F73F
220,PCF SPARKLETOTS PRESCHOOL @ CANBERRA Blk 487 (KN),0101000020E6100000D586794526F4594038A682E56332F73F
221,PCF SPARKLETOTS PRESCHOOL @ CASHEW Blk 545 (KN),0101000020E61000007A92CF86D7F05940AD24C33B0A21F63F
222,PCF SPARKLETOTS PRESCHOOL @ CHANGI-SIMEI Blk 119 (KN),0101000020E61000004A8A7E23F0FC5940BDBFE6C18280F53F
223,PCF SPARKLETOTS PRESCHOOL @ CHANGI-SIMEI Blk 131 (KN),0101000020E610000089A4CCBC0BFD59406C825E6EE686F53F
224,PCF SPARKLETOTS PRESCHOOL @ CHENG SAN-SELETAR Blk 435 (KN),0101000020E6100000198AE02472F75940B8C9A8328C7BF63F
225,PCF SPARKLETOTS PRESCHOOL @ CHENG SAN-SELETAR Blk 533 (KN),0101000020E610000073486AA164F65940D3DA34B6D702F63F
226,PCF SPARKLETOTS PRESCHOOL @ CHONG PANG Blk 107 (KN),0101000020E61000004EB4AB90F2F459406555849B8CEAF63F
227,PCF SPARKLETOTS PRESCHOOL @ CHONG PANG Blk 122 (KN),0101000020E6100000BFB854A52DF559407BB6B35483F5F63F
228,PCF SPARKLETOTS PRESCHOOL @ CHUA CHU KANG Blk 10 (KN),0101000020E6100000853A51B758F05940514B732B8415F63F
229,PCF SPARKLETOTS PRESCHOOL @ CHUA CHU KANG Blk 123 (KN),0101000020E6100000853A51B758F05940514B732B8415F63F
230,PCF SPARKLETOTS PRESCHOOL @ CLEMENTI Blk 330 (DS),0101000020E6100000F5801E0F22F15940B6A2282BE104F53F
231,PCF SPARKLETOTS PRESCHOOL @ CLEMENTI Blk 462A (KN),0101000020E6100000182BC5E9FFF05940B0404F5EBFFBF43F
232,PCF SPARKLETOTS PRESCHOOL @ EUNOS Blk 122 (KN),0101000020E61000003CFA5FAE45FA5940F0FD0DDAAB4FF53F
233,PCF SPARKLETOTS PRESCHOOL @ EUNOS Blk 616 (KN),0101000020E6100000F702B34291FA5940DE0033DFC14FF53F
234,PCF SPARKLETOTS PRESCHOOL @ FENGSHAN Blk 126 (KN),0101000020E610000067B5C01E13FC594082919735B140F53F
235,PCF SPARKLETOTS PRESCHOOL @ GAMBAS Blk 309 (KN),0101000020E610000033C577BD8FF459407B81FEE7D525F73F
236,PCF SPARKLETOTS PRESCHOOL @ GAMBAS Blk 317 (KN),0101000020E6100000B9F479D67FF45940252A0AAAFC21F73F
237,PCF SPARKLETOTS PRESCHOOL @ GAMBAS Blk 408 (KN),0101000020E6100000D8182AB54DF6594072970EE72BD2F63F
238,PCF SPARKLETOTS PRESCHOOL @ GEYLANG SERAI Blk 11 (KN),0101000020E610000009EEF60F58F95940C253234FED07F53F
239,PCF SPARKLETOTS PRESCHOOL @ GEYLANG SERAI Blk 14 (KN),0101000020E6100000E89F85A952F8594042C9891B5C5FF53F
240,PCF SPARKLETOTS PRESCHOOL @ HENDERSON-DAWSON Blk 124A (KN),0101000020E61000004189851046F45940B998558E7F95F43F
241,PCF SPARKLETOTS PRESCHOOL @ HONG KAH NORTH Blk 276D (KN),0101000020E61000001954C0E215ED594083F7FAFFDDA7F53F
242,PCF SPARKLETOTS PRESCHOOL @ HONG KAH NORTH Blk 319 (KN),0101000020E61000003599F1B6D2EF5940EB2A93D04CC6F53F
243,PCF SPARKLETOTS PRESCHOOL @ HONG KAH NORTH Blk 338 (KN),0101000020E610000031EF71A609F05940CAA31B6151D1F53F
244,PCF SPARKLETOTS PRESCHOOL @ HONG KAH NORTH Blk 750 (KN),0101000020E6100000D08E650BD2EC59407F7676E8AA8FF53F
245,PCF SPARKLETOTS PRESCHOOL @ HOUGANG Blk 328 (DS),0101000020E61000009A1C88765FF9594069A620E461E6F53F
246,PCF SPARKLETOTS PRESCHOOL @ JALAN KAYU Blk 518 (KN),0101000020E610000030986489F3F75940EA3D95D39EF2F53F
247,PCF SPARKLETOTS PRESCHOOL @ JALAN KAYU Blk 556 (KN),0101000020E61000003317B83CD6F65940394206F2ECF2F53F
248,PCF SPARKLETOTS PRESCHOOL @ JALAN KAYU Blk 987C (DS),0101000020E6100000FD755DAE34F85940454D4FB39B14F63F
249,PCF SPARKLETOTS PRESCHOOL @ JOO CHIAT Blk 15 (KN),0101000020E6100000B979991716FA59406E4F90D8EEFEF43F
250,PCF SPARKLETOTS PRESCHOOL @ JURONG CENTRAL Blk 490 (KN),0101000020E61000009555229A8AEE5940510B6F206E98F53F
251,PCF SPARKLETOTS PRESCHOOL @ JURONG SPRING Blk 465 (KN),0101000020E610000025E2523AFDED59401574D602D6A5F53F
252,PCF SPARKLETOTS PRESCHOOL @ JURONG SPRING Blk 515 (KN),0101000020E61000009301A08A1BEE5940DC627E6E688AF53F
253,PCF SPARKLETOTS PRESCHOOL @ JURONG SPRING Blk 527 (KN),0101000020E610000025E2523AFDED59401574D602D6A5F53F
254,PCF SPARKLETOTS PRESCHOOL @ KAKI BUKIT Blk 519 (KN),0101000020E610000036D9F5C168FB594012407B3F7F4BF53F
255,PCF SPARKLETOTS PRESCHOOL @ KAKI BUKIT Blk 526 (KN),0101000020E6100000F31483D176FB594073D87DC7F058F53F
256,PCF SPARKLETOTS PRESCHOOL @ KAMPONG CHAI CHEE Blk 135 (KN),0101000020E61000002FDE8FDB2FFB5940D594641D8E2EF53F
257,PCF SPARKLETOTS PRESCHOOL @ KAMPONG CHAI CHEE Blk 409 (KN),0101000020E6100000A3E5400FB5FB59409F94490D6D40F53F
258,PCF SPARKLETOTS PRESCHOOL @ KAMPONG CHAI CHEE Blk 775 (KN),0101000020E61000006C34CA44DBFB5940D7FA22A12D67F53F
259,PCF SPARKLETOTS PRESCHOOL @ KAMPONG GLAM Blk 462 (KN),0101000020E6100000B58993FB1DF75940AB7823F3C8DFF43F
260,PCF SPARKLETOTS PRESCHOOL @ KEAT HONG Blk 295 (KN),0101000020E6100000B13385CE6BEF5940338B506C050DF63F
261,PCF SPARKLETOTS PRESCHOOL @ KEAT HONG Blk 411 (KN),0101000020E6100000BB2BBB6070EF59403AEAE8B81A19F63F
262,PCF SPARKLETOTS PRESCHOOL @ KEAT HONG Blk 801 (DS),0101000020E6100000661F1ACC95EF5940DBD5F55503FEF53F
263,PCF SPARKLETOTS PRESCHOOL @ KEMBANGAN CHAI CHEE Blk 116 (DS),0101000020E610000000C056AE5CFA59406EE1D4624B2AF53F
264,PCF SPARKLETOTS PRESCHOOL @ KEMBANGAN CHAI CHEE Blk 326 (KN),0101000020E610000000C056AE5CFA59406EE1D4624B2AF53F
265,PCF SPARKLETOTS PRESCHOOL @ KEMBANGAN CHAI CHEE Blk 59 (KN),0101000020E610000000C056AE5CFA59406EE1D4624B2AF53F
266,PCF SPARKLETOTS PRESCHOOL @ KOLAM AYER Blk 12 (KN),0101000020E610000057282DB78FF75940D6671888AF20F53F
267,PCF SPARKLETOTS PRESCHOOL @ KOLAM AYER Blk 64 (KN),0101000020E610000057282DB78FF75940D6671888AF20F53F
268,PCF SPARKLETOTS PRESCHOOL @ KRETA AYER-KIM SENG Blk 79 (KN),0101000020E6100000CC400A4309F5594051B4BCBC4AA8F43F
269,PCF SPARKLETOTS PRESCHOOL @ LIMBANG Blk 543 (KN),0101000020E6100000363FFED2A2EF5940F6798CF2CC4BF63F
270,PCF SPARKLETOTS PRESCHOOL @ LIMBANG Blk 786 (KN),0101000020E6100000C60556C41FF05940FB3DB14E956FF63F
271,PCF SPARKLETOTS PRESCHOOL @ MACPHERSON Blk 108 (KN),0101000020E61000006D3997E2AAF85940EB6E9EEA901BF53F
272,PCF SPARKLETOTS PRESCHOOL @ MACPHERSON Blk 31 (KN),0101000020E6100000889CBE9EAFF859403C670B08AD47F53F
273,PCF SPARKLETOTS PRESCHOOL @ MACPHERSON Blk 54 (KN),0101000020E6100000B84C970FD2F859401BCB05781C30F53F
274,PCF SPARKLETOTS PRESCHOOL @ MARINE PARADE Blk 46 (KN),0101000020E610000035046CAC69FA5940001A4A928CE1F43F
275,PCF SPARKLETOTS PRESCHOOL @ MARSILING Blk 15 (KN),0101000020E61000002D6B5155D7F15940B4136FAEAB13F73F
276,PCF SPARKLETOTS PRESCHOOL @ MARSILING Blk 302 (KN),0101000020E6100000C6866EF687F159404400CBA54CE5F63F
277,PCF SPARKLETOTS PRESCHOOL @ MARSILING Blk 32 (KN),0101000020E61000000586AC6E75F1594014419C871318F73F
278,PCF SPARKLETOTS PRESCHOOL @ MOULMEIN-CAIRNHILL Blk 10 (DS),0101000020E6100000FB09C27089F65940C5A63A89AD05F53F
279,PCF SPARKLETOTS PRESCHOOL @ MOUNTBATTEN Blk 51 (KN),0101000020E6100000750E547CB2F8594025EB707495EEF43F
280,PCF SPARKLETOTS PRESCHOOL @ NANYANG Blk 813 (KN),0101000020E61000006BF3FFAA23F6594038A1100187D0F63F
281,PCF SPARKLETOTS PRESCHOOL @ NANYANG Blk 934 (KN),0101000020E6100000AB7BBF2C48EC5940A0788489F57CF53F
282,PCF SPARKLETOTS PRESCHOOL @ NEE SOON CENTRAL Blk 609 (KN),0101000020E61000006CE7A0F07EF55940F42911F28BBCF63F
283,PCF SPARKLETOTS PRESCHOOL @ NEE SOON CENTRAL Blk 646 (KN),0101000020E6100000F24EF4AF9BF55940714518F5FFC0F63F
284,PCF SPARKLETOTS PRESCHOOL @ NEE SOON CENTRAL Blk 737 (KN),0101000020E61000001ECAABCE45F55940B0D128136DDDF63F
285,PCF SPARKLETOTS PRESCHOOL @ NEE SOON CENTRAL Blk 738 (KN),0101000020E61000001ECAABCE45F55940B0D128136DDDF63F
286,PCF SPARKLETOTS PRESCHOOL @ NEE SOON EAST Blk 223 (KN),0101000020E6100000317C444C89F55940B69F8CF161F6F63F
287,PCF SPARKLETOTS PRESCHOOL @ NEE SOON EAST Blk 367 (KN),0101000020E61000008BE7C7BA13F659401B4F5F2A91DFF63F
288,PCF SPARKLETOTS PRESCHOOL @ NEE SOON EAST Blk 671 (DS),0101000020E6100000B30B06D7DCF55940B8B5E0A018B4F63F
289,PCF SPARKLETOTS PRESCHOOL @ NEE SOON SOUTH Blk 875 (DS),0101000020E6100000DC82A5BA80F55940253FE257ACA1F63F
290,PCF SPARKLETOTS PRESCHOOL @ PASIR RIS EAST Blk 216 (KN),0101000020E6100000D7DF12807FFD5940D6E253008CE7F53F
291,PCF SPARKLETOTS PRESCHOOL @ PASIR RIS EAST Blk 426 (KN),0101000020E61000001AC5CD041EFD5940CA13AD8152F9F53F
292,PCF SPARKLETOTS PRESCHOOL @ PASIR RIS WEST Blk 517 (KN),0101000020E610000043DE173CF1FB59407A77BF65A910F63F
293,PCF SPARKLETOTS PRESCHOOL @ PASIR RIS WEST Blk 738 (KN),0101000020E610000043DE173CF1FB59407A77BF65A910F63F
294,PCF SPARKLETOTS PRESCHOOL @ PAYA LEBAR Blk 125 (KN),0101000020E6100000A1496249B9F859408D576A076DA3F53F
295,PCF SPARKLETOTS PRESCHOOL @ PAYA LEBAR Blk 23 (KN),0101000020E6100000A770A9EF21F95940A7125443D1D2F53F
296,PCF SPARKLETOTS PRESCHOOL @ PIONEER Blk 642 (KN),0101000020E6100000D84AE82E89EC594095B6B8C66772F53F
297,PCF SPARKLETOTS PRESCHOOL @ PIONEER Blk 654B (KN),0101000020E6100000C773C7ACA8EC594022B53F06E160F53F
298,PCF SPARKLETOTS PRESCHOOL @ PIONEER Blk 662B (KN),0101000020E6100000D65240DAFFEC59404CC3F0113165F53F
299,PCF SPARKLETOTS PRESCHOOL @ PIONEER Blk 665A (KN),0101000020E6100000F9DA334B02ED59402DEDD45C6E70F53F
300,PCF SPARKLETOTS PRESCHOOL @ POTONG PASIR Blk 143 (KN),0101000020E61000003D9AEAC97CF75940E781D94EA550F53F
301,PCF SPARKLETOTS PRESCHOOL @ PUNGGOL COAST Blk 303A (KN),0101000020E610000060F4CB16FFF959409CCF6F4EDB75F63F
302,PCF SPARKLETOTS PRESCHOOL @ PUNGGOL COAST Blk 676B (DS),0101000020E6100000FABA67B85CFA5940F71B92FF6E66F63F
303,PCF SPARKLETOTS PRESCHOOL @ PUNGGOL EAST Blk 103 (KN),0101000020E61000000751AD74ADF95940706A566C821EF63F
304,PCF SPARKLETOTS PRESCHOOL @ PUNGGOL EAST Blk 124A (KN),0101000020E6100000255CC823B8F95940C8ED974F564CF63F
305,PCF SPARKLETOTS PRESCHOOL @ PUNGGOL EAST Blk 143 (KN),0101000020E61000008DEDB5A0F7F959405FD4EE57013EF63F
306,PCF SPARKLETOTS PRESCHOOL @ PUNGGOL EAST Blk 187B (KN),0101000020E61000008B51D7DAFBF9594073D712F2414FF63F
307,PCF SPARKLETOTS PRESCHOOL @ PUNGGOL NORTH Blk 105D (KN),0101000020E6100000D632BED4F4F95940708D19F2195AF63F
308,PCF SPARKLETOTS PRESCHOOL @ PUNGGOL NORTH Blk 171C (KN),0101000020E6100000D225D2EC70FA5940254FA3DAF150F63F
309,PCF SPARKLETOTS PRESCHOOL @ PUNGGOL NORTH Blk 174D (KN),0101000020E61000001D76DF313CFA5940535DC0CB0C5BF63F
310,PCF SPARKLETOTS PRESCHOOL @ PUNGGOL NORTH Blk 663A (DS),0101000020E6100000FAE1D693AFFA594090A4FF401467F63F
311,PCF SPARKLETOTS PRESCHOOL @ PUNGGOL WEST Blk 271A (KN),0101000020E6100000BFCC1C37A1F95940F93141689875F63F
312,PCF SPARKLETOTS PRESCHOOL @ PUNGGOL WEST Blk 308B (DS),0101000020E6100000BFCC1C37A1F95940F93141689875F63F
313,PCF SPARKLETOTS PRESCHOOL @ QUEENSTOWN Blk 3 (KN),0101000020E610000024FA6B68B9F3594075012F336C94F43F
314,PCF SPARKLETOTS PRESCHOOL @ QUEENSTOWN Blk 53A (KN),0101000020E61000001901158E20F2594098BED7101CD7F43F
315,PCF SPARKLETOTS PRESCHOOL @ RADIN MAS Blk 108 (KN),0101000020E6100000F8F82933CAF45940E83812C3695CF43F
316,PCF SPARKLETOTS PRESCHOOL @ RADIN MAS Blk 21 (KN),0101000020E6100000AECED66688F45940A50007A3486DF43F
317,PCF SPARKLETOTS PRESCHOOL @ RADIN MAS Blk 70A (KN),0101000020E61000004189851046F45940B998558E7F95F43F
318,PCF SPARKLETOTS PRESCHOOL @ RADIN MAS Blk 87 (KN),0101000020E61000006A28FFA46BF459407E50BC6F2194F43F
319,PCF SPARKLETOTS PRESCHOOL @ SEMBAWANG Blk 507D (KN),0101000020E610000057BB815DA8F459408A2B1D627239F73F
320,PCF SPARKLETOTS PRESCHOOL @ SEMBAWANG Blk 786B (KN),0101000020E610000016ED3BD054EF5940D13C80457E7DF53F
321,PCF SPARKLETOTS PRESCHOOL @ SEMBAWANG Blk 789 (KN),0101000020E6100000F67931395AF35940568EDA0E5718F73F
322,PCF SPARKLETOTS PRESCHOOL @ SENGKANG CENTRAL Blk 206A (KN),0101000020E61000003D748B0A66F95940E6797077D62EF63F
323,PCF SPARKLETOTS PRESCHOOL @ SENGKANG CENTRAL Blk 231 (KN),0101000020E61000004938E3EA36F959403CC505FB0A2DF63F
324,PCF SPARKLETOTS PRESCHOOL @ SENGKANG CENTRAL Blk 277B (KN),0101000020E6100000923EADA23FF95940ED4960730E1EF63F
325,PCF SPARKLETOTS PRESCHOOL @ SENGKANG CENTRAL Blk 292B (KN),0101000020E6100000F22895F084F95940E3FE23D3A153F63F
326,PCF SPARKLETOTS PRESCHOOL @ SENGKANG SOUTH Blk 443 (KN),0101000020E610000013888D68F1F75940A4AA09A2EE43F63F
327,PCF SPARKLETOTS PRESCHOOL @ SENGKANG SOUTH Blk 452 (DS),0101000020E6100000E863E3665DF959405EFEF96CD30EF63F
328,PCF SPARKLETOTS PRESCHOOL @ SENGKANG SOUTH Blk 535 (KN),0101000020E6100000BC0FF6DCF8F85940FEDBC0786106F63F
329,PCF SPARKLETOTS PRESCHOOL @ SENGKANG WEST Blk 303A (KN),0101000020E61000005527B1B508F95940618D0EA37B31F63F
330,PCF SPARKLETOTS PRESCHOOL @ SENGKANG WEST Blk 330A (DS),0101000020E61000009A006839F5F8594058422DBC8158F63F
331,PCF SPARKLETOTS PRESCHOOL @ SENGKANG WEST Blk 416A (KN),0101000020E61000003C90AB4750F85940CB6CEB02B93FF63F
332,PCF SPARKLETOTS PRESCHOOL @ SENGKANG WEST Blk 436D (KN),0101000020E6100000537AA69718F859405796E82CB348F63F
333,PCF SPARKLETOTS PRESCHOOL @ SERANGOON Blk 125 (KN),0101000020E610000017C2C5E5D3F759409763C3E457DDF53F
334,PCF SPARKLETOTS PRESCHOOL @ SERANGOON Blk 226 (KN),0101000020E610000028918EBCBDF7594063337678BEB5F53F
335,PCF SPARKLETOTS PRESCHOOL @ SIGLAP Blk 170 (KN),0101000020E6100000F43DD9837FFC594081ABE1C73D22F53F
336,PCF SPARKLETOTS PRESCHOOL @ TAMAN JURONG Blk 352 (KN),0101000020E61000008EA960F918EE5940EED0B018756DF53F
337,PCF SPARKLETOTS PRESCHOOL @ TAMPINES CENTRAL Blk 725 (DS),0101000020E6100000B8DF466FDDFB59409A40118B18B6F53F
338,PCF SPARKLETOTS PRESCHOOL @ TAMPINES CENTRAL Blk 856 (KN),0101000020E6100000922BAB9FEDFB59406543ED6DE9A7F53F
339,PCF SPARKLETOTS PRESCHOOL @ TAMPINES CENTRAL Blk 868A (KN),0101000020E61000006812ABF5B4FB594055A934BD1FB2F53F
340,PCF SPARKLETOTS PRESCHOOL @ TAMPINES EAST Blk 261 (KN),0101000020E610000001F73C7FDAFC5940AE10566309ABF53F
341,PCF SPARKLETOTS PRESCHOOL @ TAMPINES EAST Blk 262 (DS),0101000020E610000085DB9035D9FC5940DA6443ED6DA9F53F
342,PCF SPARKLETOTS PRESCHOOL @ TAMPINES NORTH Blk 483 (KN),0101000020E61000008C82E0F1EDFC594001C4B876FDBDF53F
343,PCF SPARKLETOTS PRESCHOOL @ TAMPINES WEST Blk 140 (KN),0101000020E61000002B3410CB66FC59404AB6BA9C1290F53F
344,PCF SPARKLETOTS PRESCHOOL @ TAMPINES WEST Blk 887 (KN),0101000020E61000001E705D31A3FB594031146690719BF53F
345,PCF SPARKLETOTS PRESCHOOL @ TAMPINES-CHANGKAT Blk 106 (KN),0101000020E6100000F8567FDF9AFC594010711871A68EF53F
346,PCF SPARKLETOTS PRESCHOOL @ TAMPINES-CHANGKAT Blk 284 (KN),0101000020E610000088307E1AF7FC59405F2A919FE895F53F
347,PCF SPARKLETOTS PRESCHOOL @ TAMPINES-CHANGKAT Blk 318 (KN),0101000020E61000002D42B11534FD59409D9E776341A1F53F
348,PCF SPARKLETOTS PRESCHOOL @ TAMPINES-CHANGKAT Blk 358 (KN),0101000020E61000002D42B11534FD59409D9E776341A1F53F
349,PCF SPARKLETOTS PRESCHOOL @ TANJONG PAGAR-TIONG BAHRU Blk 130 (KN),0101000020E6100000FC2F7CE912F5594024777D8BF37CF43F
350,PCF SPARKLETOTS PRESCHOOL @ TANJONG PAGAR-TIONG BAHRU Blk 1E (KN),0101000020E6100000F85DC76ED5F5594033C51C041D6DF43F
351,PCF SPARKLETOTS PRESCHOOL @ TECK GHEE Blk 301 (KN),0101000020E61000002BBEA1F0D9F65940E23C9CC074DAF53F
352,PCF SPARKLETOTS PRESCHOOL @ TECK GHEE Blk 466 (KN),0101000020E61000002BBEA1F0D9F65940E23C9CC074DAF53F
353,PCF SPARKLETOTS PRESCHOOL @ TELOK BLANGAH Blk 2 (KN),0101000020E610000007184CB2C4F3594086A52666625FF43F
354,PCF SPARKLETOTS PRESCHOOL @ TELOK BLANGAH Blk 78A (DS),0101000020E610000007184CB2C4F3594086A52666625FF43F
355,PCF SPARKLETOTS PRESCHOOL @ TOA PAYOH CENTRAL Blk 157 (KN),0101000020E61000003940D58D1CF65940F2E379BA0451F53F
356,PCF SPARKLETOTS PRESCHOOL @ TOA PAYOH CENTRAL Blk 97 (KN),0101000020E61000003940D58D1CF65940F2E379BA0451F53F
357,PCF SPARKLETOTS PRESCHOOL @ TOA PAYOH EAST-NOVENA Blk 6 (KN),0101000020E6100000D66EBBD0DCF659405A18D819956AF53F
358,PCF SPARKLETOTS PRESCHOOL @ TOA PAYOH WEST-BALESTIER Blk 205 (KN),0101000020E61000003940D58D1CF65940F2E379BA0451F53F
359,PCF SPARKLETOTS PRESCHOOL @ TOA PAYOH WEST-BALESTIER Blk 45 (DS),0101000020E61000003940D58D1CF65940F2E379BA0451F53F
360,PCF SPARKLETOTS PRESCHOOL @ ULU PANDAN Blk 24 (KN),0101000020E610000086F35FD67AF25940688709B485F1F43F
361,PCF SPARKLETOTS PRESCHOOL @ WEST COAST Blk 702 (KN),0101000020E6100000B2D3B430B0F059404B43E8FB04EBF43F
362,PCF SPARKLETOTS PRESCHOOL @ WEST COAST Blk 728 (KN),0101000020E610000097BC4BF3D8F059407B4FE5B4A7E4F43F
363,PCF SPARKLETOTS PRESCHOOL @ WHAMPOA Blk 106 (KN),0101000020E6100000D5C853FB19F75940C04EFBF72A23F53F
364,PCF SPARKLETOTS PRESCHOOL @ WHAMPOA Blk 112 (KN),0101000020E6100000D4AFBECBD6F6594013BDE71B2C37F53F
365,PCF SPARKLETOTS PRESCHOOL @ WHAMPOA Blk 85 (KN),0101000020E6100000259694BBCFF65940AE9CBD33DA2AF53F
366,PCF SPARKLETOTS PRESCHOOL @ WOODGROVE Blk 364 (KN),0101000020E6100000CC9E5FEF59F25940002258B0E8F1F63F
367,PCF SPARKLETOTS PRESCHOOL @ WOODGROVE Blk 899B (KN),0101000020E6100000C8C8FE1EE1F2594000B7DDBA51FAF63F
368,PCF SPARKLETOTS PRESCHOOL @ WOODLANDS Blk 652 (KN),0101000020E6100000EFB5566A2CF3594047BA55C67502F73F
369,PCF SPARKLETOTS PRESCHOOL @ WOODLANDS Blk 730 (KN),0101000020E61000009917BBD80FF359406781D1408714F73F
370,PCF SPARKLETOTS PRESCHOOL @ WOODLANDS Blk 875 (KN),0101000020E61000004301DBC188F259404C81165CBD14F73F
371,PCF SPARKLETOTS PRESCHOOL @ YEW TEE Blk 608 (KN),0101000020E610000097A4D70BAAEF59405B5CE333D95FF63F
372,PCF SPARKLETOTS PRESCHOOL @ YEW TEE Blk 682 (KN),0101000020E6100000C60556C41FF05940FB3DB14E956FF63F
373,PCF SPARKLETOTS PRESCHOOL @ YEW TEE Blk 690D (KN),0101000020E6100000C60556C41FF05940FB3DB14E956FF63F
374,PCF SPARKLETOTS PRESCHOOL @ YIO CHU KANG Blk 121 (KN),0101000020E610000000C056AE5CFA59406EE1D4624B2AF53F
375,PCF SPARKLETOTS PRESCHOOL @ YIO CHU KANG Blk 235 (KN),0101000020E61000004541953F04F8594004F74DAB329DF53F
376,PCF SPARKLETOTS PRESCHOOL @ YIO CHU KANG Blk 644 (KN),0101000020E61000003B2BB352D2F55940C0417BF5F110F63F
377,PCF SPARKLETOTS PRESCHOOL @ YUHUA Blk 223A (KN),0101000020E6100000849D62D520EF594050E108522976F53F
378,PCF SPARKLETOTS PRESCHOOL @ YUHUA Blk 251 (KN),0101000020E610000016ED3BD054EF5940D13C80457E7DF53F
379,PCF SPARKLETOTS PRESCHOOL @ YUHUA Blk 317 (KN),0101000020E6100000B9F479D67FF45940252A0AAAFC21F73F
380,PCF SPARKLETOTS PRESCHOOL @ ZHENGHUA Blk 455A (KN),0101000020E6100000AB39E57654F15940D31165147034F63F
381,PCF SPARKLETOTS PRESCHOOL @ ZHENGHUA Blk 528 (KN),0101000020E6100000DCF29194F4F05940D8497D59DA29F63F
382,PCF SPARKLETOTS PRESCHOOL @ ZHENGHUA Blk 620 (KN),0101000020E6100000DE16766220F3594093BEB5B86BEEF63F
383,Pearlbank Montessori Kindergarten,0101000020E6100000262488A9E3F159406E7A06C36F99F43F
384,Pentecost Methodist Church Kindergarten,0101000020E6100000D0B936AF45FD5940C1374D9F1DF0F53F
385,Pibos Garden Preschool,0101000020E61000000E2C47C840F259404B7496598462F53F
386,Pink Tower Montessori,0101000020E6100000C632FD12F1F95940BA83D89942E7F43F
387,Prodigy Preschool,0101000020E61000001CDE623461F8594008D04AB5AAA0F53F
388,Pu Hui Kindergarten,0101000020E6100000F4DC4257A2F95940E6FD24E3BD0FF53F
389,Putra - Putri Kindergarten,0101000020E61000008A3F8A3A73F15940493D55CF93DCF63F
390,Quayside Isle Preparatory School,0101000020E6100000D027F224E9F55940521C51EB47F4F33F
391,Queenstown Good Shepherd Kindergarten,0101000020E6100000C394922FB2F35940C9552C7E53B8F43F
392,Queenstown Lutheran Church Kindergarten,0101000020E6100000B63984E027F359409808652B79E6F43F
393,Raffles Montessori Kindergarten (Aljunied),0101000020E61000004DA25EF069F8594003983270400BF53F
394,Raffles Montessori Kindergarten (Still Road),0101000020E6100000C9D57E211AFA5940379325299FF4F43F
395,Rainbow Cove Montessori,0101000020E6100000DA3E3FE749F3594095E0C3DB3963F43F
396,Ramakrishna Mission Sarada Kindergarten,0101000020E6100000BDB502F948F85940C0B0FCF9B680F53F
397,Ripples Montessori Kindergarten,0101000020E61000009430D3F6AFFC59402D211FF46C56F53F
398,Riverlife Kindergarten,0101000020E610000043705CC64DFD5940A75A0BB3D00EF63F
399,Saraswathy Darma Muneeswaran Kindergarten,0101000020E6100000905500425AF559406D0B85BEAAA9F63F
400,Saraswathy Kindergarten,0101000020E6100000151E34BBEEF65940CF4BC5C6BC4EF53F
401,Seeds D' Learning House,0101000020E610000027A3CA30EEF9594041F4A44C6AE8F43F
402,Sengkang Methodist Children Centre,0101000020E610000047CA1649BBF859403EAF78EA9146F63F
403,Seventh-day Adventist Kindergarten,0101000020E6100000A818E76F42EF5940C993A46B265FF53F
404,Shalom Kindergarten,0101000020E610000023CF3F0B53FD594055C444DECD0EF63F
405,Singapore Hokkien Huay Kuan Pre-School,0101000020E6100000B524F6BF12FC5940F4A5B73F170DF53F
406,Soka Kindergarten,0101000020E6100000CF2F4AD05FFC594038F581E49D83F53F
407,Sri Sathya Sai Kindergarten,0101000020E6100000E886A6ECF4FB59407C48F8DEDF20F63F
408,St. Anne's Church Kindergarten,0101000020E610000079EA9106B7F959401C7E37DDB243F63F
409,St. Francis Of Assisi Kindergarten (Boon Lay),0101000020E610000087A9882E83ED594015281884A891F53F
410,St. Francis Of Assisi Kindergarten (Jurong West),0101000020E6100000E3C0502CDCED59404B677110BEA1F53F
411,St. Francis Xavier Kindergarten,0101000020E61000001869989045F75940907EA081FDBCF53F
412,St. Hilda's Church Kindergarten,0101000020E61000009D4DA2B9A9F959407FFD6BD49EEDF43F
413,St. James' Church Kindergarten,0101000020E6100000AC263E2DF5F259404F7056E99301F53F
414,St. James' Church Kindergarten (Gilstead),0101000020E61000007DF1A034AFF559407AD67FE72811F53F
415,St. James' Church Kindergarten (Harding),0101000020E6100000A84AA5E9FDF359401F4B1FBAA0DEF43F
416,St. Joseph's Church Kindergarten,0101000020E6100000E589D64029F15940212E4A1AEDE2F53F
417,St. Paul's Church Kindergarten,0101000020E61000001B182FCC78F85940FA658BFF96BBF53F
418,St. Vincent De Paul Kindergarten,0101000020E6100000B7EBA52902F85940965B5A0D89FBF53F
419,Starland Kindergarten,0101000020E61000001C08C90226FB59409C69C2F69331F53F
420,Summer Montessori,0101000020E61000004512BD8C62EE59404791B586523BF53F
421,Sunshine Kindergarten (Watten),0101000020E6100000A25F5B3FFDF2594085B2F0F5B52EF53F
422,Swallows And Amazons Kindergarten,0101000020E610000012256B1ED1F25940C031BA72AC61F53F
423,The Ascension Kindergarten,0101000020E61000006BD8EF8975F759405D80C7010548F53F
424,The Capstone Kindergarten,0101000020E6100000D048DFFF22F45940D95BCAF9624FF43F
425,The Little House (Montessori) Kindergarten,0101000020E61000009F6A3EF81AF1594075A103DC3D4AF53F
426,The Montessori Playroom Kindergarten,0101000020E6100000A7D887AB39F95940B0C6D97404F0F53F
427,Thomson Road Baptist Kindergarten,0101000020E610000026C632FD12F6594063C625D8C90AF53F
428,Toa Payoh Methodist Church Kindergarten,0101000020E6100000A28ED8382CF659402F6354635358F53F
429,Tots Club Preschool,0101000020E6100000A63C5F58A3EC594059D6A2AAAE88F53F
430,Totsville Montessori Kindergarten,0101000020E6100000D314014EEFFB5940A7069ACFB91BF63F
431,Totsville Montessori Kindergarten (Bishan),0101000020E6100000AACDA4F21BF659401E49EE55D0B9F53F
432,Totsville Montessori Preschool,0101000020E6100000AACDA4F21BF659401E49EE55D0B9F53F
433,TPBC Kindergarten,0101000020E61000007916CE7F59F859409FF4CF1D0E9CF53F
434,True Way Presbyterian Kindergarten,0101000020E610000056D7A19A92F35940118B187618B3F43F
435,Tung Ling Kindergarten,0101000020E61000004AB3791C06FA594069705B5B78DEF43F
436,Two By Two Schoolhouse,0101000020E61000007C70880247FA59404FCDE50643FDF43F
437,Wee Care Kindergarten,0101000020E6100000F6059909ABF459407448C55AD7E3F43F
438,White Lodge Bukit Timah Pte Ltd,0101000020E6100000315EF3AA4EF35940BF9D44847F51F53F
439,White Lodge Kindergarten (East Coast),0101000020E610000091E398767BF85940F895BD5B0FF5F43F
440,White Lodge Kindergarten (Phoenix Park),0101000020E61000006F4B3F3C26F459403037CE5C96C5F43F
441,White Lodge Kindergarten (Upper East Coast),0101000020E6100000948CF73E30FE594072AE17F9ABD6F53F
442,White Lodge Upper Bukit Timah Pte Ltd,0101000020E610000077BE9F1A2FF15940A11342075DC2F53F
443,White Lodge West Coast Pte Ltd,0101000020E6100000C3D7D7BA54F25940EA0CE7751F7BF43F
444,Yio Chu Kang Chapel Kindergarten,0101000020E6100000C5F9409715F859405359B9BCDEE2F53F
445,Zion Bishan Kindergarten,0101000020E6100000D896A6ADB6F65940EDB8E177D38DF53F
446,Zion Kindergarten,0101000020E6100000D2FB6B1E2CF7594061F998B44EE1F53F
447,Zoo-Phonics Kindergarten,0101000020E61000008333F8FBC5F759405116BEBED6A5F53F
448,Zulfa Kindergarten,0101000020E610000090CA034738FC5940965F611CB713F63F
449,Zulfa Kindergarten @ Choa Chu Kang,0101000020E6100000BC3E73D627EF59403E6D9E341E16F63F
450,Zulfa Kindergarten @ Pasir Ris,0101000020E610000090CA034738FC5940965F611CB713F63F
451,Zulfa Kindergarten @ Sembawang Mart PTE LTD,0101000020E6100000660AE76473F4594065AB26E37342F73F
456,MOE Kindergarten @ Tampines,0101000020E6100000FB3BDBA337FD594055C2137AFDC9F53F
455,MOE Kindergarten @ Punggol View,0101000020E6100000852FE69DF9F95940217B945BA47AF63F
458,MOE Kindergarten @ Sengkang Green (KCare available),0101000020E61000001D90F06206F8594035C36169E047F63F
452,MOE Kindergarten @ Blangah Rise (KCare available),0101000020E6100000404E8704C2F35940C51AB5673B6BF43F
454,MOE Kindergarten @ Farrer Park (KCare available from 2019),0101000020E61000001D90F06206F8594035C36169E047F63F
453,MOE Kindergarten @ Dazhong (KCare available from 2019),0101000020E61000001D90F06206F8594035C36169E047F63F
460,MOE Kindergarten @ Frontier (KCare available),0101000020E610000015EB7651CFEC59407CCE0E5DF565F53F
459,MOE Kindergarten @ West Spring,0101000020E61000004130F7240BF15940AD25602AEC38F63F
461,MOE Kindergarten @ Yishun (KCare available),0101000020E6100000F6EA88E8FCF559401193CBDA01F2F63F
462,MOE Kindergarten @ Fernvale Link (KCare available),0101000020E61000002090F06206F8594069C36169E047F63F
467,MOE Kindergarten @ Oasis,0101000020E6100000BB1924334DFA5940DBA4A2B1F677F63F
468,MOE Kindergarten @ Punggol Cove,0101000020E610000046EBA86A82F95940637FD93D7998F63F
469,MOE Kindergarten @ Waterway,0101000020E6100000C991CEC0C8FA5940B7291E17D562F63F
470,MOE Kindergarten @ Anchor Green (Opening in 2019 -  KCare available),0101000020E61000002090F06206F8594069C36169E047F63F
471,MOE Kindergarten @ Fernvale (Opening in 2019 -  KCare available),0101000020E61000002090F06206F8594069C36169E047F63F
472,MOE Kindergarten @ Wellington (Opening in 2019 -  KCare available),0101000020E610000021CEC3094CF359408BDF14562A28F73F
473,MOE Kindergarten @ Pei Tong (Opening in 2019 -  KCare available),0101000020E6100000E4ED523420F15940F9F0D187D30EF53F
474,MOE Kindergarten @ First Toa Payoh (Opening in 2019 -  KCare available),0101000020E61000002090F06206F8594069C36169E047F63F
475,MOE Kindergarten @ Kranji (Opening in 2019 -  KCare available),0101000020E6100000547C32B5DBEF5940501A6A14924CF63F
476,MOE Kindergarten @ Fern Green (Opening in 2019 -  KCare available),0101000020E61000002090F06206F8594069C36169E047F63F
477,ï»¿3House Kindergarten (Tampines),0101000020E610000042B9C89896FB5940C0F110210996F53F
463,MOE Kindergarten @ Northoaks (KCare available),0101000020E610000097A8A5B915F45940CCC5C1A5634EF73F
464,MOE Kindergarten @ Riverside (KCare available),0101000020E610000005CEC3094CF359403BDF14562A28F73F
457,MOE Kindergarten @ Punggol Green,0101000020E61000003CE9C77086F95940A959C05F2770F63F
465,MOE Kindergarten @ Springdale,0101000020E6100000ED562591FDF8594099C678DED752F63F
466,MOE Kindergarten @ Westwood,0101000020E6100000357BD976DAEC59401678978BF88EF53F
478,MOE Kindergarten @ Punggol View (KCare available),0101000020E6100000742FE69DF9F959404D7B945BA47AF63F
479,MOE Kindergarten @ Punggol Green?KCare available),0101000020E610000038E9C77086F95940F859C05F2770F63F
480,MOE Kindergarten @ West Spring?(KCare available),0101000020E61000004E30F7240BF15940DB25602AEC38F63F
481,MOE Kindergarten @ Springdale (KCare available),0101000020E6100000D2562591FDF85940BBC678DED752F63F
482,MOE Kindergarten @ Westwood (KCare available),0101000020E6100000317BD976DAEC59405778978BF88EF53F
